orthogroup_ID,PANTHER_ID,geneID,spc,seqnames,start,end,width,strand,gene_id,gene_name,gene_biotype,description
OG0000052,PTHR24242,130075,Hsap,7,141916399,141920625,4227,+,ENSG00000258083,OR9A4,protein_coding,olfactory receptor family 9 subfamily A member 4 [Source:HGNC Symbol;Acc:HGNC:15095]
OG0000080,PTHR26450,387748,Hsap,11,5736448,5738523,2076,+,ENSG00000181023,OR56B1,protein_coding,olfactory receptor family 56 subfamily B member 1 [Source:HGNC Symbol;Acc:HGNC:15245]
OG0000130,PTHR24221,5243,Hsap,7,87503017,87713323,210307,-,ENSG00000085563,ABCB1,protein_coding,ATP binding cassette subfamily B member 1 [Source:HGNC Symbol;Acc:HGNC:40]
OG0000130,PTHR24221,5243,Hsap,7,87503017,87713323,210307,-,ENSG00000085563,ABCB1,protein_coding,ATP binding cassette subfamily B member 1 [Source:HGNC Symbol;Acc:HGNC:40]
OG0000130,PTHR24221,5243,Hsap,7,87503017,87713323,210307,-,ENSG00000085563,ABCB1,protein_coding,ATP binding cassette subfamily B member 1 [Source:HGNC Symbol;Acc:HGNC:40]
OG0000171,PTHR24376,10308,Hsap,16,31873807,31917357,43551,+,ENSG00000185947,ZNF267,protein_coding,zinc finger protein 267 [Source:HGNC Symbol;Acc:HGNC:13060]
OG0000181,PTHR15123,6398,Hsap,17,82321024,82334074,13051,-,ENSG00000141574,SECTM1,protein_coding,secreted and transmembrane 1 [Source:HGNC Symbol;Acc:HGNC:10707]
OG0000181,PTHR15123,6398,Hsap,17,82321024,82334074,13051,-,ENSG00000141574,SECTM1,protein_coding,secreted and transmembrane 1 [Source:HGNC Symbol;Acc:HGNC:10707]
OG0000181,PTHR15123,6398,Hsap,17,82321024,82334074,13051,-,ENSG00000141574,SECTM1,protein_coding,secreted and transmembrane 1 [Source:HGNC Symbol;Acc:HGNC:10707]
OG0000198,PTHR19269,7168,Hsap,15,63042632,63071915,29284,+,ENSG00000140416,TPM1,protein_coding,tropomyosin 1 [Source:HGNC Symbol;Acc:HGNC:12010]
OG0000198,PTHR19269,7171,Hsap,19,16067021,16103002,35982,+,ENSG00000167460,TPM4,protein_coding,tropomyosin 4 [Source:HGNC Symbol;Acc:HGNC:12013]
OG0000220,PTHR16675,910,Hsap,1,158327951,158331531,3581,-,ENSG00000158485,CD1B,protein_coding,CD1b molecule [Source:HGNC Symbol;Acc:HGNC:1635]
OG0000220,PTHR16675,910,Hsap,1,158327951,158331531,3581,-,ENSG00000158485,CD1B,protein_coding,CD1b molecule [Source:HGNC Symbol;Acc:HGNC:1635]
OG0000220,PTHR16675,910,Hsap,1,158327951,158331531,3581,-,ENSG00000158485,CD1B,protein_coding,CD1b molecule [Source:HGNC Symbol;Acc:HGNC:1635]
OG0000238,PTHR16675,135250,Hsap,6,149883375,149898102,14728,-,ENSG00000164520,RAET1E,protein_coding,retinoic acid early transcript 1E [Source:HGNC Symbol;Acc:HGNC:16793]
OG0000238,PTHR16675,135250,Hsap,6,149883375,149898102,14728,-,ENSG00000164520,RAET1E,protein_coding,retinoic acid early transcript 1E [Source:HGNC Symbol;Acc:HGNC:16793]
OG0000250,PTHR24068,7321,Hsap,10,58334979,58370751,35773,+,ENSG00000072401,UBE2D1,protein_coding,ubiquitin conjugating enzyme E2 D1 [Source:HGNC Symbol;Acc:HGNC:12474]
OG0000250,PTHR24068,7323,Hsap,4,102794383,102868896,74514,-,ENSG00000109332,UBE2D3,protein_coding,ubiquitin conjugating enzyme E2 D3 [Source:HGNC Symbol;Acc:HGNC:12476]
OG0000250,PTHR24068,7323,Hsap,4,102794383,102868896,74514,-,ENSG00000109332,UBE2D3,protein_coding,ubiquitin conjugating enzyme E2 D3 [Source:HGNC Symbol;Acc:HGNC:12476]
OG0000263,PTHR24376,7673,Hsap,19,44025342,44033110,7769,+,ENSG00000159885,ZNF222,protein_coding,zinc finger protein 222 [Source:HGNC Symbol;Acc:HGNC:13015]
OG0000263,PTHR24376,7773,Hsap,19,44002957,44013924,10968,+,ENSG00000159882,ZNF230,protein_coding,zinc finger protein 230 [Source:HGNC Symbol;Acc:HGNC:13024]
OG0000272,PTHR23115,1917,Hsap,20,63488013,63499239,11227,-,ENSG00000101210,EEF1A2,protein_coding,eukaryotic translation elongation factor 1 alpha 2 [Source:HGNC Symbol;Acc:HGNC:3192]
OG0000272,PTHR23115,1915,Hsap,6,73515750,73523797,8048,-,ENSG00000156508,EEF1A1,protein_coding,eukaryotic translation elongation factor 1 alpha 1 [Source:HGNC Symbol;Acc:HGNC:3189]
OG0000274,PTHR11875,4673,Hsap,12,76036585,76084735,48151,-,ENSG00000187109,NAP1L1,protein_coding,nucleosome assembly protein 1 like 1 [Source:HGNC Symbol;Acc:HGNC:7637]
OG0000276,PTHR10903,168537,Hsap,7,150514872,150521073,6202,+,ENSG00000179144,GIMAP7,protein_coding,"GTPase, IMAP family member 7 [Source:HGNC Symbol;Acc:HGNC:22404]"
OG0000276,PTHR10903,168537,Hsap,7,150514872,150521073,6202,+,ENSG00000179144,GIMAP7,protein_coding,"GTPase, IMAP family member 7 [Source:HGNC Symbol;Acc:HGNC:22404]"
OG0000290,PTHR19970,6170,Hsap,X,119786504,119791630,5127,-,ENSG00000198918,RPL39,protein_coding,ribosomal protein L39 [Source:HGNC Symbol;Acc:HGNC:10350]
OG0000330,PTHR22913,3038,Hsap,16,69105653,69118719,13067,+,ENSG00000103044,HAS3,protein_coding,hyaluronan synthase 3 [Source:HGNC Symbol;Acc:HGNC:4820]
OG0000330,PTHR22913,3037,Hsap,8,121612116,121641440,29325,-,ENSG00000170961,HAS2,protein_coding,hyaluronan synthase 2 [Source:HGNC Symbol;Acc:HGNC:4819]
OG0000358,PTHR10903,100527949,Hsap,7,150716668,150743646,26979,+,ENSG00000281887,GIMAP1-GIMAP5,protein_coding,GIMAP1-GIMAP5 readthrough [Source:HGNC Symbol;Acc:HGNC:51257]
OG0000358,PTHR10903,100527949,Hsap,7,150716668,150743646,26979,+,ENSG00000281887,GIMAP1-GIMAP5,protein_coding,GIMAP1-GIMAP5 readthrough [Source:HGNC Symbol;Acc:HGNC:51257]
OG0000358,PTHR10903,100527949,Hsap,7,150716668,150743646,26979,+,ENSG00000281887,GIMAP1-GIMAP5,protein_coding,GIMAP1-GIMAP5 readthrough [Source:HGNC Symbol;Acc:HGNC:51257]
OG0000358,PTHR10903,55340,Hsap,7,150722253,150750033,27781,+,ENSG00000196329,GIMAP5,protein_coding,"GTPase, IMAP family member 5 [Source:HGNC Symbol;Acc:HGNC:18005]"
OG0000358,PTHR10903,55340,Hsap,7,150722253,150750033,27781,+,ENSG00000196329,GIMAP5,protein_coding,"GTPase, IMAP family member 5 [Source:HGNC Symbol;Acc:HGNC:18005]"
OG0000358,PTHR10903,55340,Hsap,7,150722253,150750033,27781,+,ENSG00000196329,GIMAP5,protein_coding,"GTPase, IMAP family member 5 [Source:HGNC Symbol;Acc:HGNC:18005]"
OG0000368,PTHR19944,3123,Hsap,6,32578769,32589848,11080,-,ENSG00000196126,HLA-DRB1,protein_coding,"major histocompatibility complex, class II, DR beta 1 [Source:HGNC Symbol;Acc:HGNC:4948]"
OG0000368,PTHR19944,3123,Hsap,6,32578769,32589848,11080,-,ENSG00000196126,HLA-DRB1,protein_coding,"major histocompatibility complex, class II, DR beta 1 [Source:HGNC Symbol;Acc:HGNC:4948]"
OG0000368,PTHR19944,3123,Hsap,6,32578769,32589848,11080,-,ENSG00000196126,HLA-DRB1,protein_coding,"major histocompatibility complex, class II, DR beta 1 [Source:HGNC Symbol;Acc:HGNC:4948]"
OG0000368,PTHR19944,3127,Hsap,6,32517353,32530287,12935,-,ENSG00000198502,HLA-DRB5,protein_coding,"major histocompatibility complex, class II, DR beta 5 [Source:HGNC Symbol;Acc:HGNC:4953]"
OG0000368,PTHR19944,3127,Hsap,6,32517353,32530287,12935,-,ENSG00000198502,HLA-DRB5,protein_coding,"major histocompatibility complex, class II, DR beta 5 [Source:HGNC Symbol;Acc:HGNC:4953]"
OG0000368,PTHR19944,3127,Hsap,6,32517353,32530287,12935,-,ENSG00000198502,HLA-DRB5,protein_coding,"major histocompatibility complex, class II, DR beta 5 [Source:HGNC Symbol;Acc:HGNC:4953]"
OG0000368,PTHR19944,3115,Hsap,6,33075990,33089696,13707,+,ENSG00000223865,HLA-DPB1,protein_coding,"major histocompatibility complex, class II, DP beta 1 [Source:HGNC Symbol;Acc:HGNC:4940]"
OG0000368,PTHR19944,3115,Hsap,6,33075990,33089696,13707,+,ENSG00000223865,HLA-DPB1,protein_coding,"major histocompatibility complex, class II, DP beta 1 [Source:HGNC Symbol;Acc:HGNC:4940]"
OG0000368,PTHR19944,3115,Hsap,6,33075990,33089696,13707,+,ENSG00000223865,HLA-DPB1,protein_coding,"major histocompatibility complex, class II, DP beta 1 [Source:HGNC Symbol;Acc:HGNC:4940]"
OG0000368,PTHR19944,3115,Hsap,6,33075990,33089696,13707,+,ENSG00000223865,HLA-DPB1,protein_coding,"major histocompatibility complex, class II, DP beta 1 [Source:HGNC Symbol;Acc:HGNC:4940]"
OG0000369,PTHR24068,10477,Hsap,2,180967248,181076585,109338,+,ENSG00000170035,UBE2E3,protein_coding,ubiquitin conjugating enzyme E2 E3 [Source:HGNC Symbol;Acc:HGNC:12479]
OG0000369,PTHR24068,7324,Hsap,3,23805955,23891640,85686,+,ENSG00000170142,UBE2E1,protein_coding,ubiquitin conjugating enzyme E2 E1 [Source:HGNC Symbol;Acc:HGNC:12477]
OG0000374,PTHR11886,8655,Hsap,12,120469850,120498493,28644,+,ENSG00000088986,DYNLL1,protein_coding,dynein light chain LC8-type 1 [Source:HGNC Symbol;Acc:HGNC:15476]
OG0000380,PTHR11908,316,Hsap,2,200586014,200677064,91051,+,ENSG00000138356,AOX1,protein_coding,aldehyde oxidase 1 [Source:HGNC Symbol;Acc:HGNC:553]
OG0000417,PTHR23318,55671,Hsap,14,91457611,91510554,52944,-,ENSG00000100796,PPP4R3A,protein_coding,protein phosphatase 4 regulatory subunit 3A [Source:HGNC Symbol;Acc:HGNC:20219]
OG0000446,PTHR11639,6278,Hsap,1,153457744,153460651,2908,-,ENSG00000143556,S100A7,protein_coding,S100 calcium binding protein A7 [Source:HGNC Symbol;Acc:HGNC:10497]
OG0000454,PTHR23115,23708,Hsap,X,51743442,51746232,2791,+,ENSG00000189369,GSPT2,protein_coding,G1 to S phase transition 2 [Source:HGNC Symbol;Acc:HGNC:4622]
OG0000454,PTHR23115,2935,Hsap,16,11868128,11916082,47955,-,ENSG00000103342,GSPT1,protein_coding,G1 to S phase transition 1 [Source:HGNC Symbol;Acc:HGNC:4621]
OG0000454,PTHR23115,2935,Hsap,16,11868128,11916082,47955,-,ENSG00000103342,GSPT1,protein_coding,G1 to S phase transition 1 [Source:HGNC Symbol;Acc:HGNC:4621]
OG0000458,PTHR13943,5920,Hsap,11,63536808,63546462,9655,+,ENSG00000133321,PLAAT4,protein_coding,phospholipase A and acyltransferase 4 [Source:HGNC Symbol;Acc:HGNC:9869]
OG0000478,PTHR11143,6154,Hsap,17,8377516,8383213,5698,-,ENSG00000161970,RPL26,protein_coding,ribosomal protein L26 [Source:HGNC Symbol;Acc:HGNC:10327]
OG0000478,PTHR11143,6154,Hsap,17,8377516,8383213,5698,-,ENSG00000161970,RPL26,protein_coding,ribosomal protein L26 [Source:HGNC Symbol;Acc:HGNC:10327]
OG0000504,PTHR16675,912,Hsap,1,158178030,158186427,8398,+,ENSG00000158473,CD1D,protein_coding,CD1d molecule [Source:HGNC Symbol;Acc:HGNC:1637]
OG0000504,PTHR16675,912,Hsap,1,158178030,158186427,8398,+,ENSG00000158473,CD1D,protein_coding,CD1d molecule [Source:HGNC Symbol;Acc:HGNC:1637]
OG0000504,PTHR16675,912,Hsap,1,158178030,158186427,8398,+,ENSG00000158473,CD1D,protein_coding,CD1d molecule [Source:HGNC Symbol;Acc:HGNC:1637]
OG0000504,PTHR16675,912,Hsap,1,158178030,158186427,8398,+,ENSG00000158473,CD1D,protein_coding,CD1d molecule [Source:HGNC Symbol;Acc:HGNC:1637]
OG0000511,PTHR10903,55303,Hsap,7,150567369,150573953,6585,+,ENSG00000133574,GIMAP4,protein_coding,"GTPase, IMAP family member 4 [Source:HGNC Symbol;Acc:HGNC:21872]"
OG0000511,PTHR10903,55303,Hsap,7,150567369,150573953,6585,+,ENSG00000133574,GIMAP4,protein_coding,"GTPase, IMAP family member 4 [Source:HGNC Symbol;Acc:HGNC:21872]"
OG0000514,PTHR16675,911,Hsap,1,158289923,158294774,4852,+,ENSG00000158481,CD1C,protein_coding,CD1c molecule [Source:HGNC Symbol;Acc:HGNC:1636]
OG0000514,PTHR16675,911,Hsap,1,158289923,158294774,4852,+,ENSG00000158481,CD1C,protein_coding,CD1c molecule [Source:HGNC Symbol;Acc:HGNC:1636]
OG0000514,PTHR16675,911,Hsap,1,158289923,158294774,4852,+,ENSG00000158481,CD1C,protein_coding,CD1c molecule [Source:HGNC Symbol;Acc:HGNC:1636]
OG0000514,PTHR16675,909,Hsap,1,158254424,158258269,3846,+,ENSG00000158477,CD1A,protein_coding,CD1a molecule [Source:HGNC Symbol;Acc:HGNC:1634]
OG0000514,PTHR16675,909,Hsap,1,158254424,158258269,3846,+,ENSG00000158477,CD1A,protein_coding,CD1a molecule [Source:HGNC Symbol;Acc:HGNC:1634]
OG0000514,PTHR16675,909,Hsap,1,158254424,158258269,3846,+,ENSG00000158477,CD1A,protein_coding,CD1a molecule [Source:HGNC Symbol;Acc:HGNC:1634]
OG0000550,PTHR23158,64693,Hsap,18,22413599,22417915,4317,-,ENSG00000212710,CTAGE1,protein_coding,cutaneous T cell lymphoma-associated antigen 1 [Source:HGNC Symbol;Acc:HGNC:24346]
OG0000577,PTHR24299,1543,Hsap,15,74719542,74725536,5995,-,ENSG00000140465,CYP1A1,protein_coding,cytochrome P450 family 1 subfamily A member 1 [Source:HGNC Symbol;Acc:HGNC:2595]
OG0000604,PTHR26450,79345,Hsap,11,5323359,5324297,939,-,ENSG00000279012,OR51B2,protein_coding,olfactory receptor family 51 subfamily B member 2 (gene/pseudogene) [Source:HGNC Symbol;Acc:HGNC:14703]
OG0000604,PTHR26450,282763,Hsap,11,5303444,5505652,202209,-,ENSG00000167355,OR51B5,protein_coding,olfactory receptor family 51 subfamily B member 5 [Source:HGNC Symbol;Acc:HGNC:19599]
OG0000604,PTHR26450,79339,Hsap,11,5301014,5301946,933,-,ENSG00000183251,OR51B4,protein_coding,olfactory receptor family 51 subfamily B member 4 [Source:HGNC Symbol;Acc:HGNC:14708]
OG0000611,PTHR11431,2512,Hsap,19,48965309,48966879,1571,+,ENSG00000087086,FTL,protein_coding,ferritin light chain [Source:HGNC Symbol;Acc:HGNC:3999]
OG0000711,PTHR45690,55655,Hsap,19,54953130,55001142,48013,+,ENSG00000022556,NLRP2,protein_coding,NLR family pyrin domain containing 2 [Source:HGNC Symbol;Acc:HGNC:22948]
OG0000711,PTHR45690,55655,Hsap,19,54953130,55001142,48013,+,ENSG00000022556,NLRP2,protein_coding,NLR family pyrin domain containing 2 [Source:HGNC Symbol;Acc:HGNC:22948]
OG0000742,PTHR11528,3320,Hsap,14,102080742,102139699,58958,-,ENSG00000080824,HSP90AA1,protein_coding,heat shock protein 90 alpha family class A member 1 [Source:HGNC Symbol;Acc:HGNC:5253]
OG0000742,PTHR11528,3326,Hsap,6,44246166,44253888,7723,+,ENSG00000096384,HSP90AB1,protein_coding,heat shock protein 90 alpha family class B member 1 [Source:HGNC Symbol;Acc:HGNC:5258]
OG0000742,PTHR11528,3326,Hsap,6,44246166,44253888,7723,+,ENSG00000096384,HSP90AB1,protein_coding,heat shock protein 90 alpha family class B member 1 [Source:HGNC Symbol;Acc:HGNC:5258]
OG0000747,PTHR23324,6397,Hsap,17,77088749,77217101,128353,+,ENSG00000129657,SEC14L1,protein_coding,SEC14 like lipid binding 1 [Source:HGNC Symbol;Acc:HGNC:10698]
OG0000774,PTHR24410,8507,Hsap,5,74627406,74641424,14019,-,ENSG00000171617,ENC1,protein_coding,ectodermal-neural cortex 1 [Source:HGNC Symbol;Acc:HGNC:3345]
OG0000789,PTHR24064,6583,Hsap,5,132294394,132344190,49797,+,ENSG00000197208,SLC22A4,protein_coding,solute carrier family 22 member 4 [Source:HGNC Symbol;Acc:HGNC:10968]
OG0000860,PTHR11258,4940,Hsap,12,112938444,112973251,34808,+,ENSG00000111331,OAS3,protein_coding,2'-5'-oligoadenylate synthetase 3 [Source:HGNC Symbol;Acc:HGNC:8088]
OG0000860,PTHR11258,4938,Hsap,12,112906783,112933222,26440,+,ENSG00000089127,OAS1,protein_coding,2'-5'-oligoadenylate synthetase 1 [Source:HGNC Symbol;Acc:HGNC:8086]
OG0000883,PTHR10903,170575,Hsap,7,150716606,150724284,7679,+,ENSG00000213203,GIMAP1,protein_coding,"GTPase, IMAP family member 1 [Source:HGNC Symbol;Acc:HGNC:23237]"
OG0000883,PTHR10903,170575,Hsap,7,150716606,150724284,7679,+,ENSG00000213203,GIMAP1,protein_coding,"GTPase, IMAP family member 1 [Source:HGNC Symbol;Acc:HGNC:23237]"
OG0000883,PTHR10903,170575,Hsap,7,150716606,150724284,7679,+,ENSG00000213203,GIMAP1,protein_coding,"GTPase, IMAP family member 1 [Source:HGNC Symbol;Acc:HGNC:23237]"
OG0000920,PTHR11875,6418,Hsap,9,128683424,128696400,12977,+,ENSG00000119335,SET,protein_coding,SET nuclear proto-oncogene [Source:HGNC Symbol;Acc:HGNC:10760]
OG0000920,PTHR11875,6418,Hsap,9,128683424,128696400,12977,+,ENSG00000119335,SET,protein_coding,SET nuclear proto-oncogene [Source:HGNC Symbol;Acc:HGNC:10760]
OG0000926,PTHR19944,3113,Hsap,6,33064569,33080775,16207,-,ENSG00000231389,HLA-DPA1,protein_coding,"major histocompatibility complex, class II, DP alpha 1 [Source:HGNC Symbol;Acc:HGNC:4938]"
OG0000926,PTHR19944,3113,Hsap,6,33064569,33080775,16207,-,ENSG00000231389,HLA-DPA1,protein_coding,"major histocompatibility complex, class II, DP alpha 1 [Source:HGNC Symbol;Acc:HGNC:4938]"
OG0000926,PTHR19944,3113,Hsap,6,33064569,33080775,16207,-,ENSG00000231389,HLA-DPA1,protein_coding,"major histocompatibility complex, class II, DP alpha 1 [Source:HGNC Symbol;Acc:HGNC:4938]"
OG0000926,PTHR19944,3113,Hsap,6,33064569,33080775,16207,-,ENSG00000231389,HLA-DPA1,protein_coding,"major histocompatibility complex, class II, DP alpha 1 [Source:HGNC Symbol;Acc:HGNC:4938]"
OG0000926,PTHR19944,3117,Hsap,6,32628179,32647062,18884,+,ENSG00000196735,HLA-DQA1,protein_coding,"major histocompatibility complex, class II, DQ alpha 1 [Source:HGNC Symbol;Acc:HGNC:4942]"
OG0000926,PTHR19944,3117,Hsap,6,32628179,32647062,18884,+,ENSG00000196735,HLA-DQA1,protein_coding,"major histocompatibility complex, class II, DQ alpha 1 [Source:HGNC Symbol;Acc:HGNC:4942]"
OG0000926,PTHR19944,3117,Hsap,6,32628179,32647062,18884,+,ENSG00000196735,HLA-DQA1,protein_coding,"major histocompatibility complex, class II, DQ alpha 1 [Source:HGNC Symbol;Acc:HGNC:4942]"
OG0000926,PTHR19944,3117,Hsap,6,32628179,32647062,18884,+,ENSG00000196735,HLA-DQA1,protein_coding,"major histocompatibility complex, class II, DQ alpha 1 [Source:HGNC Symbol;Acc:HGNC:4942]"
OG0000938,PTHR24071,5901,Hsap,12,130872037,130877678,5642,+,ENSG00000132341,RAN,protein_coding,"RAN, member RAS oncogene family [Source:HGNC Symbol;Acc:HGNC:9846]"
OG0000941,PTHR24068,7335,Hsap,20,50081124,50115959,34836,-,ENSG00000244687,UBE2V1,protein_coding,ubiquitin conjugating enzyme E2 V1 [Source:HGNC Symbol;Acc:HGNC:12494]
OG0000941,PTHR24068,7336,Hsap,8,48008415,48064708,56294,+,ENSG00000169139,UBE2V2,protein_coding,ubiquitin conjugating enzyme E2 V2 [Source:HGNC Symbol;Acc:HGNC:12495]
OG0000949,PTHR11655,6133,Hsap,4,39452587,39458931,6345,-,ENSG00000163682,RPL9,protein_coding,ribosomal protein L9 [Source:HGNC Symbol;Acc:HGNC:10369]
OG0000954,PTHR11431,2495,Hsap,11,61959718,61967634,7917,-,ENSG00000167996,FTH1,protein_coding,ferritin heavy chain 1 [Source:HGNC Symbol;Acc:HGNC:3976]
OG0000954,PTHR11431,2495,Hsap,11,61959718,61967634,7917,-,ENSG00000167996,FTH1,protein_coding,ferritin heavy chain 1 [Source:HGNC Symbol;Acc:HGNC:3976]
OG0000991,PTHR11475,8288,Hsap,17,58192726,58205174,12449,+,ENSG00000121053,EPX,protein_coding,eosinophil peroxidase [Source:HGNC Symbol;Acc:HGNC:3423]
OG0000991,PTHR11475,8288,Hsap,17,58192726,58205174,12449,+,ENSG00000121053,EPX,protein_coding,eosinophil peroxidase [Source:HGNC Symbol;Acc:HGNC:3423]
OG0000991,PTHR11475,8288,Hsap,17,58192726,58205174,12449,+,ENSG00000121053,EPX,protein_coding,eosinophil peroxidase [Source:HGNC Symbol;Acc:HGNC:3423]
OG0000991,PTHR11475,4353,Hsap,17,58269855,58280935,11081,-,ENSG00000005381,MPO,protein_coding,myeloperoxidase [Source:HGNC Symbol;Acc:HGNC:7218]
OG0000991,PTHR11475,4353,Hsap,17,58269855,58280935,11081,-,ENSG00000005381,MPO,protein_coding,myeloperoxidase [Source:HGNC Symbol;Acc:HGNC:7218]
OG0000991,PTHR11475,4353,Hsap,17,58269855,58280935,11081,-,ENSG00000005381,MPO,protein_coding,myeloperoxidase [Source:HGNC Symbol;Acc:HGNC:7218]
OG0001008,PTHR10924,55640,Hsap,14,75578620,75663214,84595,+,ENSG00000119686,FLVCR2,protein_coding,FLVCR heme transporter 2 [Source:HGNC Symbol;Acc:HGNC:20105]
OG0001035,PTHR26450,390075,Hsap,11,5776165,5783355,7191,-,ENSG00000181009,OR52N5,protein_coding,olfactory receptor family 52 subfamily N member 5 [Source:HGNC Symbol;Acc:HGNC:15231]
OG0001058,PTHR48068,6880,Hsap,5,69364743,69370013,5271,-,ENSG00000273841,TAF9,protein_coding,TATA-box binding protein associated factor 9 [Source:HGNC Symbol;Acc:HGNC:11542]
OG0001058,PTHR48068,6880,Hsap,5,69364743,69370013,5271,-,ENSG00000273841,TAF9,protein_coding,TATA-box binding protein associated factor 9 [Source:HGNC Symbol;Acc:HGNC:11542]
OG0001082,PTHR13848,388403,Hsap,17,59331655,59401729,70075,+,ENSG00000175155,YPEL2,protein_coding,yippee like 2 [Source:HGNC Symbol;Acc:HGNC:18326]
OG0001085,PTHR19944,567,Hsap,15,44711487,44718877,7391,+,ENSG00000166710,B2M,protein_coding,beta-2-microglobulin [Source:HGNC Symbol;Acc:HGNC:914]
OG0001085,PTHR19944,567,Hsap,15,44711487,44718877,7391,+,ENSG00000166710,B2M,protein_coding,beta-2-microglobulin [Source:HGNC Symbol;Acc:HGNC:914]
OG0001085,PTHR19944,567,Hsap,15,44711487,44718877,7391,+,ENSG00000166710,B2M,protein_coding,beta-2-microglobulin [Source:HGNC Symbol;Acc:HGNC:914]
OG0001085,PTHR19944,567,Hsap,15,44711487,44718877,7391,+,ENSG00000166710,B2M,protein_coding,beta-2-microglobulin [Source:HGNC Symbol;Acc:HGNC:914]
OG0001104,PTHR21227,80746,Hsap,3,12484432,12539623,55192,+,ENSG00000154743,TSEN2,protein_coding,tRNA splicing endonuclease subunit 2 [Source:HGNC Symbol;Acc:HGNC:28422]
OG0001104,PTHR21227,5468,Hsap,3,12287368,12434356,146989,+,ENSG00000132170,PPARG,protein_coding,peroxisome proliferator activated receptor gamma [Source:HGNC Symbol;Acc:HGNC:9236]
OG0001104,PTHR21227,5468,Hsap,3,12287368,12434356,146989,+,ENSG00000132170,PPARG,protein_coding,peroxisome proliferator activated receptor gamma [Source:HGNC Symbol;Acc:HGNC:9236]
OG0001104,PTHR21227,5468,Hsap,3,12287368,12434356,146989,+,ENSG00000132170,PPARG,protein_coding,peroxisome proliferator activated receptor gamma [Source:HGNC Symbol;Acc:HGNC:9236]
OG0001106,PTHR10290,7150,Hsap,20,41028822,41124487,95666,+,ENSG00000198900,TOP1,protein_coding,DNA topoisomerase I [Source:HGNC Symbol;Acc:HGNC:11986]
OG0001106,PTHR10290,7150,Hsap,20,41028822,41124487,95666,+,ENSG00000198900,TOP1,protein_coding,DNA topoisomerase I [Source:HGNC Symbol;Acc:HGNC:11986]
OG0001117,PTHR24050,25975,Hsap,X,13569601,13633575,63975,+,ENSG00000198759,EGFL6,protein_coding,EGF like domain multiple 6 [Source:HGNC Symbol;Acc:HGNC:3235]
OG0001126,PTHR11875,7259,Hsap,6,116267760,116279930,12171,-,ENSG00000189241,TSPYL1,protein_coding,TSPY like 1 [Source:HGNC Symbol;Acc:HGNC:12382]
OG0001160,PTHR16675,100507436,Hsap,6,31399784,31415315,15532,+,ENSG00000204520,MICA,protein_coding,MHC class I polypeptide-related sequence A [Source:HGNC Symbol;Acc:HGNC:7090]
OG0001160,PTHR16675,100507436,Hsap,6,31399784,31415315,15532,+,ENSG00000204520,MICA,protein_coding,MHC class I polypeptide-related sequence A [Source:HGNC Symbol;Acc:HGNC:7090]
OG0001160,PTHR16675,100507436,Hsap,6,31399784,31415315,15532,+,ENSG00000204520,MICA,protein_coding,MHC class I polypeptide-related sequence A [Source:HGNC Symbol;Acc:HGNC:7090]
OG0001160,PTHR16675,100507436,Hsap,6,31399784,31415315,15532,+,ENSG00000204520,MICA,protein_coding,MHC class I polypeptide-related sequence A [Source:HGNC Symbol;Acc:HGNC:7090]
OG0001160,PTHR16675,100507436,Hsap,6,31399784,31415315,15532,+,ENSG00000204520,MICA,protein_coding,MHC class I polypeptide-related sequence A [Source:HGNC Symbol;Acc:HGNC:7090]
OG0001160,PTHR16675,4277,Hsap,6,31494881,31511124,16244,+,ENSG00000204516,MICB,protein_coding,MHC class I polypeptide-related sequence B [Source:HGNC Symbol;Acc:HGNC:7091]
OG0001160,PTHR16675,4277,Hsap,6,31494881,31511124,16244,+,ENSG00000204516,MICB,protein_coding,MHC class I polypeptide-related sequence B [Source:HGNC Symbol;Acc:HGNC:7091]
OG0001160,PTHR16675,4277,Hsap,6,31494881,31511124,16244,+,ENSG00000204516,MICB,protein_coding,MHC class I polypeptide-related sequence B [Source:HGNC Symbol;Acc:HGNC:7091]
OG0001203,PTHR13457,55127,Hsap,1,236549005,236604516,55512,-,ENSG00000119285,HEATR1,protein_coding,HEAT repeat containing 1 [Source:HGNC Symbol;Acc:HGNC:25517]
OG0001204,PTHR45739,166752,Hsap,4,143577302,143700675,123374,-,ENSG00000183090,FREM3,protein_coding,FRAS1 related extracellular matrix 3 [Source:HGNC Symbol;Acc:HGNC:25172]
OG0001237,PTHR24103,85363,Hsap,11,5663195,5938619,275425,-,ENSG00000132256,TRIM5,protein_coding,tripartite motif containing 5 [Source:HGNC Symbol;Acc:HGNC:16276]
OG0001237,PTHR24103,10346,Hsap,11,5689697,5737089,47393,+,ENSG00000132274,TRIM22,protein_coding,tripartite motif containing 22 [Source:HGNC Symbol;Acc:HGNC:16379]
OG0001237,PTHR24103,445372,Hsap,11,5596725,5644398,47674,+,ENSG00000258588,TRIM6-TRIM34,protein_coding,TRIM6-TRIM34 readthrough [Source:HGNC Symbol;Acc:HGNC:33440]
OG0001237,PTHR24103,53840,Hsap,11,5619764,5644398,24635,+,ENSG00000258659,TRIM34,protein_coding,tripartite motif containing 34 [Source:HGNC Symbol;Acc:HGNC:10063]
OG0001258,PTHR10903,474344,Hsap,7,150625375,150632648,7274,-,ENSG00000133561,GIMAP6,protein_coding,"GTPase, IMAP family member 6 [Source:HGNC Symbol;Acc:HGNC:21918]"
OG0001284,PTHR11904,4860,Hsap,14,20468954,20477089,8136,+,ENSG00000198805,PNP,protein_coding,purine nucleoside phosphorylase [Source:HGNC Symbol;Acc:HGNC:7892]
OG0001284,PTHR11904,4860,Hsap,14,20468954,20477089,8136,+,ENSG00000198805,PNP,protein_coding,purine nucleoside phosphorylase [Source:HGNC Symbol;Acc:HGNC:7892]
OG0001290,PTHR11738,3903,Hsap,19,54351384,54370558,19175,-,ENSG00000167613,LAIR1,protein_coding,leukocyte associated immunoglobulin like receptor 1 [Source:HGNC Symbol;Acc:HGNC:6477]
OG0001290,PTHR11738,3903,Hsap,19,54351384,54370558,19175,-,ENSG00000167613,LAIR1,protein_coding,leukocyte associated immunoglobulin like receptor 1 [Source:HGNC Symbol;Acc:HGNC:6477]
OG0001290,PTHR11738,3903,Hsap,19,54351384,54370558,19175,-,ENSG00000167613,LAIR1,protein_coding,leukocyte associated immunoglobulin like receptor 1 [Source:HGNC Symbol;Acc:HGNC:6477]
OG0001290,PTHR11738,3903,Hsap,19,54351384,54370558,19175,-,ENSG00000167613,LAIR1,protein_coding,leukocyte associated immunoglobulin like receptor 1 [Source:HGNC Symbol;Acc:HGNC:6477]
OG0001290,PTHR11738,3904,Hsap,19,54497879,54510687,12809,+,ENSG00000167618,LAIR2,protein_coding,leukocyte associated immunoglobulin like receptor 2 [Source:HGNC Symbol;Acc:HGNC:6478]
OG0001290,PTHR11738,3904,Hsap,19,54497879,54510687,12809,+,ENSG00000167618,LAIR2,protein_coding,leukocyte associated immunoglobulin like receptor 2 [Source:HGNC Symbol;Acc:HGNC:6478]
OG0001290,PTHR11738,3904,Hsap,19,54497879,54510687,12809,+,ENSG00000167618,LAIR2,protein_coding,leukocyte associated immunoglobulin like receptor 2 [Source:HGNC Symbol;Acc:HGNC:6478]
OG0001291,PTHR19944,3119,Hsap,6,32659467,32668383,8917,-,ENSG00000179344,HLA-DQB1,protein_coding,"major histocompatibility complex, class II, DQ beta 1 [Source:HGNC Symbol;Acc:HGNC:4944]"
OG0001291,PTHR19944,3119,Hsap,6,32659467,32668383,8917,-,ENSG00000179344,HLA-DQB1,protein_coding,"major histocompatibility complex, class II, DQ beta 1 [Source:HGNC Symbol;Acc:HGNC:4944]"
OG0001291,PTHR19944,3119,Hsap,6,32659467,32668383,8917,-,ENSG00000179344,HLA-DQB1,protein_coding,"major histocompatibility complex, class II, DQ beta 1 [Source:HGNC Symbol;Acc:HGNC:4944]"
OG0001291,PTHR19944,3119,Hsap,6,32659467,32668383,8917,-,ENSG00000179344,HLA-DQB1,protein_coding,"major histocompatibility complex, class II, DQ beta 1 [Source:HGNC Symbol;Acc:HGNC:4944]"
OG0001291,PTHR19944,3120,Hsap,6,32756098,32763532,7435,-,ENSG00000232629,HLA-DQB2,protein_coding,"major histocompatibility complex, class II, DQ beta 2 [Source:HGNC Symbol;Acc:HGNC:4945]"
OG0001291,PTHR19944,3120,Hsap,6,32756098,32763532,7435,-,ENSG00000232629,HLA-DQB2,protein_coding,"major histocompatibility complex, class II, DQ beta 2 [Source:HGNC Symbol;Acc:HGNC:4945]"
OG0001291,PTHR19944,3120,Hsap,6,32756098,32763532,7435,-,ENSG00000232629,HLA-DQB2,protein_coding,"major histocompatibility complex, class II, DQ beta 2 [Source:HGNC Symbol;Acc:HGNC:4945]"
OG0001300,PTHR15556,23741,Hsap,15,48878134,48880173,2040,+,ENSG00000255302,EID1,protein_coding,EP300 interacting inhibitor of differentiation 1 [Source:HGNC Symbol;Acc:HGNC:1191]
OG0001306,PTHR17005,4201,Hsap,6,43011143,43016868,5726,-,ENSG00000124733,MEA1,protein_coding,male-enhanced antigen 1 [Source:HGNC Symbol;Acc:HGNC:6986]
OG0001310,PTHR11515,1082,Hsap,19,49022869,49024333,1465,-,ENSG00000104827,CGB3,protein_coding,chorionic gonadotropin subunit beta 3 [Source:HGNC Symbol;Acc:HGNC:1886]
OG0001310,PTHR11515,94027,Hsap,19,49054275,49058860,4586,-,ENSG00000196337,CGB7,protein_coding,chorionic gonadotropin subunit beta 7 [Source:HGNC Symbol;Acc:HGNC:16451]
OG0001317,PTHR11515,2488,Hsap,11,30231016,30235261,4246,+,ENSG00000131808,FSHB,protein_coding,follicle stimulating hormone subunit beta [Source:HGNC Symbol;Acc:HGNC:3964]
OG0001318,PTHR35860,196792,Hsap,10,122849078,122879641,30564,-,ENSG00000213185,FAM24B,protein_coding,family with sequence similarity 24 member B [Source:HGNC Symbol;Acc:HGNC:23475]
OG0001320,PTHR11449,6156,Hsap,8,98024851,98046469,21619,-,ENSG00000156482,RPL30,protein_coding,ribosomal protein L30 [Source:HGNC Symbol;Acc:HGNC:10333]
OG0001320,PTHR11449,6156,Hsap,8,98024851,98046469,21619,-,ENSG00000156482,RPL30,protein_coding,ribosomal protein L30 [Source:HGNC Symbol;Acc:HGNC:10333]
OG0001324,PTHR11639,795,Hsap,X,16650158,16654670,4513,+,ENSG00000169906,S100G,protein_coding,S100 calcium binding protein G [Source:HGNC Symbol;Acc:HGNC:1436]
OG0001325,PTHR10553,6637,Hsap,2,70281362,70293740,12379,-,ENSG00000143977,SNRPG,protein_coding,small nuclear ribonucleoprotein polypeptide G [Source:HGNC Symbol;Acc:HGNC:11163]
OG0001344,PTHR21713,4666,Hsap,12,56712427,56731628,19202,-,ENSG00000196531,NACA,protein_coding,nascent polypeptide associated complex subunit alpha [Source:HGNC Symbol;Acc:HGNC:7629]
OG0001362,PTHR45690,338321,Hsap,19,55708438,55738402,29965,-,ENSG00000185792,NLRP9,protein_coding,NLR family pyrin domain containing 9 [Source:HGNC Symbol;Acc:HGNC:22941]
OG0001379,PTHR48034,4691,Hsap,2,231453531,231483641,30111,-,ENSG00000115053,NCL,protein_coding,nucleolin [Source:HGNC Symbol;Acc:HGNC:7667]
OG0001381,PTHR24221,6891,Hsap,6,32821833,32838770,16938,-,ENSG00000204267,TAP2,protein_coding,"transporter 2, ATP binding cassette subfamily B member [Source:HGNC Symbol;Acc:HGNC:44]"
OG0001381,PTHR24221,6891,Hsap,6,32821833,32838770,16938,-,ENSG00000204267,TAP2,protein_coding,"transporter 2, ATP binding cassette subfamily B member [Source:HGNC Symbol;Acc:HGNC:44]"
OG0001381,PTHR24221,6891,Hsap,6,32821833,32838770,16938,-,ENSG00000204267,TAP2,protein_coding,"transporter 2, ATP binding cassette subfamily B member [Source:HGNC Symbol;Acc:HGNC:44]"
OG0001381,PTHR24221,6891,Hsap,6,32821833,32838770,16938,-,ENSG00000204267,TAP2,protein_coding,"transporter 2, ATP binding cassette subfamily B member [Source:HGNC Symbol;Acc:HGNC:44]"
OG0001381,PTHR24221,6891,Hsap,6,32821833,32838770,16938,-,ENSG00000204267,TAP2,protein_coding,"transporter 2, ATP binding cassette subfamily B member [Source:HGNC Symbol;Acc:HGNC:44]"
OG0001381,PTHR24221,6891,Hsap,6,32821833,32838770,16938,-,ENSG00000204267,TAP2,protein_coding,"transporter 2, ATP binding cassette subfamily B member [Source:HGNC Symbol;Acc:HGNC:44]"
OG0001385,PTHR10903,155038,Hsap,7,150450630,150479393,28764,+,ENSG00000171115,GIMAP8,protein_coding,"GTPase, IMAP family member 8 [Source:HGNC Symbol;Acc:HGNC:21792]"
OG0001439,PTHR48034,27316,Hsap,X,136848004,136880764,32761,-,ENSG00000147274,RBMX,protein_coding,RNA binding motif protein X-linked [Source:HGNC Symbol;Acc:HGNC:9910]
OG0001439,PTHR48034,494115,Hsap,1,88979456,88992960,13505,-,ENSG00000213516,RBMXL1,protein_coding,RBMX like 1 [Source:HGNC Symbol;Acc:HGNC:25073]
OG0001478,PTHR26450,79473,Hsap,11,5786471,5791265,4795,-,ENSG00000181001,OR52N1,protein_coding,olfactory receptor family 52 subfamily N member 1 [Source:HGNC Symbol;Acc:HGNC:14853]
OG0001504,PTHR15049,2765,Hsap,8,142834247,142916506,82260,+,ENSG00000104499,GML,protein_coding,glycosylphosphatidylinositol anchored molecule like [Source:HGNC Symbol;Acc:HGNC:4375]
OG0001510,PTHR42912,25840,Hsap,12,50923472,50932510,9039,+,ENSG00000185432,METTL7A,protein_coding,methyltransferase like 7A [Source:HGNC Symbol;Acc:HGNC:24550]
OG0001515,PTHR12928,2483,Hsap,4,189940870,189963202,22333,+,ENSG00000109536,FRG1,protein_coding,FSHD region gene 1 [Source:HGNC Symbol;Acc:HGNC:3954]
OG0001528,PTHR43340,3251,Hsap,X,134460165,134520513,60349,+,ENSG00000165704,HPRT1,protein_coding,hypoxanthine phosphoribosyltransferase 1 [Source:HGNC Symbol;Acc:HGNC:5157]
OG0001528,PTHR43340,3251,Hsap,X,134460165,134520513,60349,+,ENSG00000165704,HPRT1,protein_coding,hypoxanthine phosphoribosyltransferase 1 [Source:HGNC Symbol;Acc:HGNC:5157]
OG0001577,PTHR11639,6283,Hsap,1,153373711,153375621,1911,-,ENSG00000163221,S100A12,protein_coding,S100 calcium binding protein A12 [Source:HGNC Symbol;Acc:HGNC:10489]
OG0001577,PTHR11639,6283,Hsap,1,153373711,153375621,1911,-,ENSG00000163221,S100A12,protein_coding,S100 calcium binding protein A12 [Source:HGNC Symbol;Acc:HGNC:10489]
OG0001577,PTHR11639,6283,Hsap,1,153373711,153375621,1911,-,ENSG00000163221,S100A12,protein_coding,S100 calcium binding protein A12 [Source:HGNC Symbol;Acc:HGNC:10489]
OG0001579,PTHR15124,6415,Hsap,19,47778585,47784686,6102,+,ENSG00000178980,SELENOW,protein_coding,selenoprotein W [Source:HGNC Symbol;Acc:HGNC:10752]
OG0001584,PTHR20515,55894,Hsap,8,7428888,7430348,1461,-,ENSG00000177243,DEFB103B,protein_coding,defensin beta 103B [Source:HGNC Symbol;Acc:HGNC:31702]
OG0001591,PTHR11640,84033,Hsap,1,228208063,228378876,170814,+,ENSG00000154358,OBSCN,protein_coding,"obscurin, cytoskeletal calmodulin and titin-interacting RhoGEF [Source:HGNC Symbol;Acc:HGNC:15719]"
OG0001592,PTHR23348,79026,Hsap,11,62433542,62556235,122694,-,ENSG00000124942,AHNAK,protein_coding,AHNAK nucleoprotein [Source:HGNC Symbol;Acc:HGNC:347]
OG0001603,PTHR45739,341640,Hsap,13,38687077,38887131,200055,+,ENSG00000150893,FREM2,protein_coding,FRAS1 related extracellular matrix 2 [Source:HGNC Symbol;Acc:HGNC:25396]
OG0001641,PTHR16171,100533467,Hsap,13,102799110,102875994,76885,+,ENSG00000270181,BIVM-ERCC5,protein_coding,BIVM-ERCC5 readthrough [Source:HGNC Symbol;Acc:HGNC:43690]
OG0001641,PTHR16171,100533467,Hsap,13,102799110,102875994,76885,+,ENSG00000270181,BIVM-ERCC5,protein_coding,BIVM-ERCC5 readthrough [Source:HGNC Symbol;Acc:HGNC:43690]
OG0001641,PTHR16171,100533467,Hsap,13,102799110,102875994,76885,+,ENSG00000270181,BIVM-ERCC5,protein_coding,BIVM-ERCC5 readthrough [Source:HGNC Symbol;Acc:HGNC:43690]
OG0001641,PTHR16171,2073,Hsap,13,102845831,102875995,30165,+,ENSG00000134899,ERCC5,protein_coding,"ERCC excision repair 5, endonuclease [Source:HGNC Symbol;Acc:HGNC:3437]"
OG0001641,PTHR16171,2073,Hsap,13,102845831,102875995,30165,+,ENSG00000134899,ERCC5,protein_coding,"ERCC excision repair 5, endonuclease [Source:HGNC Symbol;Acc:HGNC:3437]"
OG0001652,PTHR23282,158056,Hsap,9,136850943,136860799,9857,+,ENSG00000177943,MAMDC4,protein_coding,MAM domain containing 4 [Source:HGNC Symbol;Acc:HGNC:24083]
OG0001652,PTHR23282,158056,Hsap,9,136850943,136860799,9857,+,ENSG00000177943,MAMDC4,protein_coding,MAM domain containing 4 [Source:HGNC Symbol;Acc:HGNC:24083]
OG0001655,PTHR11475,7837,Hsap,2,1631887,1744852,112966,-,ENSG00000130508,PXDN,protein_coding,peroxidasin [Source:HGNC Symbol;Acc:HGNC:14966]
OG0001679,PTHR24044,3714,Hsap,14,105140982,105168824,27843,-,ENSG00000184916,JAG2,protein_coding,jagged canonical Notch ligand 2 [Source:HGNC Symbol;Acc:HGNC:6189]
OG0001729,PTHR10151,5168,Hsap,8,119557086,119673453,116368,-,ENSG00000136960,ENPP2,protein_coding,ectonucleotide pyrophosphatase/phosphodiesterase 2 [Source:HGNC Symbol;Acc:HGNC:3357]
OG0001737,PTHR11475,7173,Hsap,2,1374066,1543711,169646,+,ENSG00000115705,TPO,protein_coding,thyroid peroxidase [Source:HGNC Symbol;Acc:HGNC:12015]
OG0001751,PTHR14741,96764,Hsap,8,55773446,55826445,53000,+,ENSG00000137574,TGS1,protein_coding,trimethylguanosine synthase 1 [Source:HGNC Symbol;Acc:HGNC:17843]
OG0001752,PTHR23226,54925,Hsap,16,3382081,3401065,18985,-,ENSG00000140987,ZSCAN32,protein_coding,zinc finger and SCAN domain containing 32 [Source:HGNC Symbol;Acc:HGNC:20812]
OG0001765,PTHR13924,10460,Hsap,4,1712891,1745171,32281,+,ENSG00000013810,TACC3,protein_coding,transforming acidic coiled-coil containing protein 3 [Source:HGNC Symbol;Acc:HGNC:11524]
OG0001768,PTHR11528,7184,Hsap,12,103930107,103953645,23539,+,ENSG00000166598,HSP90B1,protein_coding,heat shock protein 90 beta family member 1 [Source:HGNC Symbol;Acc:HGNC:12028]
OG0001768,PTHR11528,7184,Hsap,12,103930107,103953645,23539,+,ENSG00000166598,HSP90B1,protein_coding,heat shock protein 90 beta family member 1 [Source:HGNC Symbol;Acc:HGNC:12028]
OG0001768,PTHR11528,7184,Hsap,12,103930107,103953645,23539,+,ENSG00000166598,HSP90B1,protein_coding,heat shock protein 90 beta family member 1 [Source:HGNC Symbol;Acc:HGNC:12028]
OG0001768,PTHR11528,7184,Hsap,12,103930107,103953645,23539,+,ENSG00000166598,HSP90B1,protein_coding,heat shock protein 90 beta family member 1 [Source:HGNC Symbol;Acc:HGNC:12028]
OG0001780,PTHR11639,6286,Hsap,4,6693878,6697170,3293,+,ENSG00000163993,S100P,protein_coding,S100 calcium binding protein P [Source:HGNC Symbol;Acc:HGNC:10504]
OG0001780,PTHR11639,49860,Hsap,1,152409243,152414263,5021,-,ENSG00000143536,CRNN,protein_coding,cornulin [Source:HGNC Symbol;Acc:HGNC:1230]
OG0001782,PTHR13924,6867,Hsap,8,38728186,38853028,124843,+,ENSG00000147526,TACC1,protein_coding,transforming acidic coiled-coil containing protein 1 [Source:HGNC Symbol;Acc:HGNC:11522]
OG0001801,PTHR24044,28514,Hsap,6,170282206,170306565,24360,-,ENSG00000198719,DLL1,protein_coding,delta like canonical Notch ligand 1 [Source:HGNC Symbol;Acc:HGNC:2908]
OG0001806,PTHR11258,4939,Hsap,12,112978395,113011723,33329,+,ENSG00000111335,OAS2,protein_coding,2'-5'-oligoadenylate synthetase 2 [Source:HGNC Symbol;Acc:HGNC:8087]
OG0001821,PTHR23282,256691,Hsap,9,70043848,70226972,183125,+,ENSG00000165072,MAMDC2,protein_coding,MAM domain containing 2 [Source:HGNC Symbol;Acc:HGNC:23673]
OG0001821,PTHR23282,256691,Hsap,9,70043848,70226972,183125,+,ENSG00000165072,MAMDC2,protein_coding,MAM domain containing 2 [Source:HGNC Symbol;Acc:HGNC:23673]
OG0001825,PTHR16076,26586,Hsap,13,52455429,52476628,21200,+,ENSG00000136108,CKAP2,protein_coding,cytoskeleton associated protein 2 [Source:HGNC Symbol;Acc:HGNC:1990]
OG0001840,PTHR46006,10276,Hsap,10,5412557,5459056,46500,+,ENSG00000173848,NET1,protein_coding,neuroepithelial cell transforming 1 [Source:HGNC Symbol;Acc:HGNC:14592]
OG0001883,PTHR11082,64118,Hsap,17,82057506,82065887,8382,-,ENSG00000169718,DUS1L,protein_coding,dihydrouridine synthase 1 like [Source:HGNC Symbol;Acc:HGNC:30086]
OG0001898,PTHR10131,7186,Hsap,9,136881912,136926607,44696,+,ENSG00000127191,TRAF2,protein_coding,TNF receptor associated factor 2 [Source:HGNC Symbol;Acc:HGNC:12032]
OG0001898,PTHR10131,7186,Hsap,9,136881912,136926607,44696,+,ENSG00000127191,TRAF2,protein_coding,TNF receptor associated factor 2 [Source:HGNC Symbol;Acc:HGNC:12032]
OG0001898,PTHR10131,7186,Hsap,9,136881912,136926607,44696,+,ENSG00000127191,TRAF2,protein_coding,TNF receptor associated factor 2 [Source:HGNC Symbol;Acc:HGNC:12032]
OG0001898,PTHR10131,7186,Hsap,9,136881912,136926607,44696,+,ENSG00000127191,TRAF2,protein_coding,TNF receptor associated factor 2 [Source:HGNC Symbol;Acc:HGNC:12032]
OG0001931,PTHR12688,51143,Hsap,3,32525974,32570858,44885,-,ENSG00000144635,DYNC1LI1,protein_coding,dynein cytoplasmic 1 light intermediate chain 1 [Source:HGNC Symbol;Acc:HGNC:18745]
OG0001934,PTHR24368,347902,Hsap,12,47075707,47079951,4245,-,ENSG00000139211,AMIGO2,protein_coding,adhesion molecule with Ig like domain 2 [Source:HGNC Symbol;Acc:HGNC:24073]
OG0001934,PTHR24368,347902,Hsap,12,47075707,47079951,4245,-,ENSG00000139211,AMIGO2,protein_coding,adhesion molecule with Ig like domain 2 [Source:HGNC Symbol;Acc:HGNC:24073]
OG0001941,PTHR11010,10279,Hsap,6,27247701,27256624,8924,+,ENSG00000112812,PRSS16,protein_coding,serine protease 16 [Source:HGNC Symbol;Acc:HGNC:9480]
OG0001941,PTHR11010,10279,Hsap,6,27247701,27256624,8924,+,ENSG00000112812,PRSS16,protein_coding,serine protease 16 [Source:HGNC Symbol;Acc:HGNC:9480]
OG0001941,PTHR11010,10279,Hsap,6,27247701,27256624,8924,+,ENSG00000112812,PRSS16,protein_coding,serine protease 16 [Source:HGNC Symbol;Acc:HGNC:9480]
OG0001969,PTHR43172,158,Hsap,22,40346500,40390463,43964,+,ENSG00000239900,ADSL,protein_coding,adenylosuccinate lyase [Source:HGNC Symbol;Acc:HGNC:291]
OG0001972,PTHR24103,202658,Hsap,6,30328907,30346854,17948,+,ENSG00000248167,TRIM39-RPP21,protein_coding,TRIM39-RPP21 readthrough [Source:HGNC Symbol;Acc:HGNC:38845]
OG0001972,PTHR24103,202658,Hsap,6,30328907,30346854,17948,+,ENSG00000248167,TRIM39-RPP21,protein_coding,TRIM39-RPP21 readthrough [Source:HGNC Symbol;Acc:HGNC:38845]
OG0001972,PTHR24103,56658,Hsap,6,30326479,30343729,17251,+,ENSG00000204599,TRIM39,protein_coding,tripartite motif containing 39 [Source:HGNC Symbol;Acc:HGNC:10065]
OG0002052,PTHR12046,8520,Hsap,2,171922448,171983686,61239,+,ENSG00000128708,HAT1,protein_coding,histone acetyltransferase 1 [Source:HGNC Symbol;Acc:HGNC:4821]
OG0002055,PTHR11073,811,Hsap,19,12938578,12944489,5912,+,ENSG00000179218,CALR,protein_coding,calreticulin [Source:HGNC Symbol;Acc:HGNC:1455]
OG0002055,PTHR11073,811,Hsap,19,12938578,12944489,5912,+,ENSG00000179218,CALR,protein_coding,calreticulin [Source:HGNC Symbol;Acc:HGNC:1455]
OG0002055,PTHR11073,811,Hsap,19,12938578,12944489,5912,+,ENSG00000179218,CALR,protein_coding,calreticulin [Source:HGNC Symbol;Acc:HGNC:1455]
OG0002057,PTHR11258,8638,Hsap,12,121019111,121039242,20132,-,ENSG00000135114,OASL,protein_coding,2'-5'-oligoadenylate synthetase like [Source:HGNC Symbol;Acc:HGNC:8090]
OG0002057,PTHR11258,8638,Hsap,12,121019111,121039242,20132,-,ENSG00000135114,OASL,protein_coding,2'-5'-oligoadenylate synthetase like [Source:HGNC Symbol;Acc:HGNC:8090]
OG0002092,PTHR11727,64216,Hsap,1,246540561,246566261,25701,-,ENSG00000162851,TFB2M,protein_coding,"transcription factor B2, mitochondrial [Source:HGNC Symbol;Acc:HGNC:18559]"
OG0002093,PTHR10666,7314,Hsap,17,16380798,16382745,1948,+,ENSG00000170315,UBB,protein_coding,ubiquitin B [Source:HGNC Symbol;Acc:HGNC:12463]
OG0002104,PTHR11034,57446,Hsap,20,36651766,36746090,94325,-,ENSG00000101079,NDRG3,protein_coding,NDRG family member 3 [Source:HGNC Symbol;Acc:HGNC:14462]
OG0002108,PTHR46542,7494,Hsap,22,28794555,28800597,6043,-,ENSG00000100219,XBP1,protein_coding,X-box binding protein 1 [Source:HGNC Symbol;Acc:HGNC:12801]
OG0002108,PTHR46542,7494,Hsap,22,28794555,28800597,6043,-,ENSG00000100219,XBP1,protein_coding,X-box binding protein 1 [Source:HGNC Symbol;Acc:HGNC:12801]
OG0002136,PTHR45822,2865,Hsap,19,35358460,35360489,2030,+,ENSG00000185897,FFAR3,protein_coding,free fatty acid receptor 3 [Source:HGNC Symbol;Acc:HGNC:4499]
OG0002144,PTHR12317,84649,Hsap,11,75759512,75801535,42024,+,ENSG00000062282,DGAT2,protein_coding,diacylglycerol O-acyltransferase 2 [Source:HGNC Symbol;Acc:HGNC:16940]
OG0002151,PTHR31940,90417,Hsap,15,40382721,40394246,11526,+,ENSG00000128944,KNSTRN,protein_coding,kinetochore localized astrin (SPAG5) binding protein [Source:HGNC Symbol;Acc:HGNC:30767]
OG0002211,PTHR11544,4904,Hsap,1,42682418,42703805,21388,+,ENSG00000065978,YBX1,protein_coding,Y-box binding protein 1 [Source:HGNC Symbol;Acc:HGNC:8014]
OG0002211,PTHR11544,4904,Hsap,1,42682418,42703805,21388,+,ENSG00000065978,YBX1,protein_coding,Y-box binding protein 1 [Source:HGNC Symbol;Acc:HGNC:8014]
OG0002305,PTHR24068,387522,Hsap,20,50081124,50153637,72514,-,ENSG00000124208,TMEM189-UBE2V1,protein_coding,TMEM189-UBE2V1 readthrough [Source:HGNC Symbol;Acc:HGNC:33521]
OG0002326,PTHR10306,6856,Hsap,7,106090503,106112576,22074,-,ENSG00000008282,SYPL1,protein_coding,synaptophysin like 1 [Source:HGNC Symbol;Acc:HGNC:11507]
OG0002335,PTHR11502,6194,Hsap,9,19375715,19380236,4522,-,ENSG00000137154,RPS6,protein_coding,ribosomal protein S6 [Source:HGNC Symbol;Acc:HGNC:10429]
OG0002335,PTHR11502,6194,Hsap,9,19375715,19380236,4522,-,ENSG00000137154,RPS6,protein_coding,ribosomal protein S6 [Source:HGNC Symbol;Acc:HGNC:10429]
OG0002340,PTHR13336,54940,Hsap,4,48805212,48861817,56606,+,ENSG00000109180,OCIAD1,protein_coding,OCIA domain containing 1 [Source:HGNC Symbol;Acc:HGNC:16074]
OG0002359,PTHR21399,1207,Hsap,11,77514936,77637794,122859,-,ENSG00000074201,CLNS1A,protein_coding,chloride nucleotide-sensitive channel 1A [Source:HGNC Symbol;Acc:HGNC:2080]
OG0002361,PTHR12843,399818,Hsap,10,124748149,124791887,43739,-,ENSG00000203791,EEF1AKMT2,protein_coding,EEF1A lysine methyltransferase 2 [Source:HGNC Symbol;Acc:HGNC:33787]
OG0002374,PTHR45869,1401,Hsap,1,159712289,159714589,2301,-,ENSG00000132693,CRP,protein_coding,C-reactive protein [Source:HGNC Symbol;Acc:HGNC:2367]
OG0002374,PTHR45869,1401,Hsap,1,159712289,159714589,2301,-,ENSG00000132693,CRP,protein_coding,C-reactive protein [Source:HGNC Symbol;Acc:HGNC:2367]
OG0002374,PTHR45869,1401,Hsap,1,159712289,159714589,2301,-,ENSG00000132693,CRP,protein_coding,C-reactive protein [Source:HGNC Symbol;Acc:HGNC:2367]
OG0002374,PTHR45869,1401,Hsap,1,159712289,159714589,2301,-,ENSG00000132693,CRP,protein_coding,C-reactive protein [Source:HGNC Symbol;Acc:HGNC:2367]
OG0002376,PTHR45869,325,Hsap,1,159587826,159588865,1040,+,ENSG00000132703,APCS,protein_coding,"amyloid P component, serum [Source:HGNC Symbol;Acc:HGNC:584]"
OG0002384,PTHR15556,163126,Hsap,19,39538707,39540161,1455,-,ENSG00000176396,EID2,protein_coding,EP300 interacting inhibitor of differentiation 2 [Source:HGNC Symbol;Acc:HGNC:28292]
OG0002407,PTHR13382,27109,Hsap,14,50312324,50335558,23235,+,ENSG00000125375,DMAC2L,protein_coding,distal membrane arm assembly complex 2 like [Source:HGNC Symbol;Acc:HGNC:18799]
OG0002430,PTHR13946,51082,Hsap,13,27620742,27744237,123496,+,ENSG00000186184,POLR1D,protein_coding,RNA polymerase I and III subunit D [Source:HGNC Symbol;Acc:HGNC:20422]
OG0002430,PTHR13946,51082,Hsap,13,27620742,27744237,123496,+,ENSG00000186184,POLR1D,protein_coding,RNA polymerase I and III subunit D [Source:HGNC Symbol;Acc:HGNC:20422]
OG0002431,PTHR14399,64065,Hsap,6,138088505,138107419,18915,-,ENSG00000112378,PERP,protein_coding,p53 apoptosis effector related to PMP22 [Source:HGNC Symbol;Acc:HGNC:17637]
OG0002431,PTHR14399,64065,Hsap,6,138088505,138107419,18915,-,ENSG00000112378,PERP,protein_coding,p53 apoptosis effector related to PMP22 [Source:HGNC Symbol;Acc:HGNC:17637]
OG0002441,PTHR12219,4724,Hsap,5,53560633,53683338,122706,+,ENSG00000164258,NDUFS4,protein_coding,NADH:ubiquinone oxidoreductase subunit S4 [Source:HGNC Symbol;Acc:HGNC:7711]
OG0002456,PTHR10544,6158,Hsap,19,55385932,55403250,17319,+,ENSG00000108107,RPL28,protein_coding,ribosomal protein L28 [Source:HGNC Symbol;Acc:HGNC:10330]
OG0002464,PTHR12377,84191,Hsap,15,64072565,64093857,21293,-,ENSG00000166797,CIAO2A,protein_coding,cytosolic iron-sulfur assembly component 2A [Source:HGNC Symbol;Acc:HGNC:26235]
OG0002467,PTHR10293,51218,Hsap,14,95533503,95544724,11222,+,ENSG00000182512,GLRX5,protein_coding,glutaredoxin 5 [Source:HGNC Symbol;Acc:HGNC:20134]
OG0002477,PTHR13523,51142,Hsap,7,56101573,56106476,4904,-,ENSG00000106153,CHCHD2,protein_coding,coiled-coil-helix-coiled-coil-helix domain containing 2 [Source:HGNC Symbol;Acc:HGNC:21645]
OG0002478,PTHR24068,7334,Hsap,12,93405673,93441947,36275,-,ENSG00000177889,UBE2N,protein_coding,ubiquitin conjugating enzyme E2 N [Source:HGNC Symbol;Acc:HGNC:12492]
OG0002478,PTHR24068,7334,Hsap,12,93405673,93441947,36275,-,ENSG00000177889,UBE2N,protein_coding,ubiquitin conjugating enzyme E2 N [Source:HGNC Symbol;Acc:HGNC:12492]
OG0002480,PTHR15451,11161,Hsap,14,75649791,75660876,11086,-,ENSG00000133935,ERG28,protein_coding,ergosterol biosynthesis 28 homolog [Source:HGNC Symbol;Acc:HGNC:1187]
OG0002484,PTHR10245,8721,Hsap,9,136862119,136866308,4190,-,ENSG00000107223,EDF1,protein_coding,endothelial differentiation related factor 1 [Source:HGNC Symbol;Acc:HGNC:3164]
OG0002487,PTHR12430,9804,Hsap,1,235109341,235128837,19497,-,ENSG00000173726,TOMM20,protein_coding,translocase of outer mitochondrial membrane 20 [Source:HGNC Symbol;Acc:HGNC:20947]
OG0002488,PTHR11710,6223,Hsap,19,41860255,41872925,12671,+,ENSG00000105372,RPS19,protein_coding,ribosomal protein S19 [Source:HGNC Symbol;Acc:HGNC:10402]
OG0002503,PTHR11843,6206,Hsap,6,132814569,132817564,2996,+,ENSG00000112306,RPS12,protein_coding,ribosomal protein S12 [Source:HGNC Symbol;Acc:HGNC:10385]
OG0002512,PTHR10666,7311,Hsap,19,18571730,18577550,5821,+,ENSG00000221983,UBA52,protein_coding,ubiquitin A-52 residue ribosomal protein fusion product 1 [Source:HGNC Symbol;Acc:HGNC:12458]
OG0002534,PTHR28603,79161,Hsap,7,87196160,87220587,24428,-,ENSG00000135185,TMEM243,protein_coding,transmembrane protein 243 [Source:HGNC Symbol;Acc:HGNC:21707]
OG0002548,PTHR11639,6282,Hsap,1,152032506,152047907,15402,-,ENSG00000163191,S100A11,protein_coding,S100 calcium binding protein A11 [Source:HGNC Symbol;Acc:HGNC:10488]
OG0002552,PTHR12309,23480,Hsap,7,54752250,54759974,7725,-,ENSG00000132432,SEC61G,protein_coding,SEC61 translocon subunit gamma [Source:HGNC Symbol;Acc:HGNC:18277]
OG0002567,PTHR20515,100133267,Hsap,8,12064389,12071747,7359,-,ENSG00000233050,DEFB130B,protein_coding,defensin beta 130B [Source:HGNC Symbol;Acc:HGNC:39814]
OG0002567,PTHR20515,245940,Hsap,8,12310962,12318316,7355,-,ENSG00000232948,DEFB130A,protein_coding,defensin beta 130A [Source:HGNC Symbol;Acc:HGNC:18107]
OG0002584,PTHR12010,6235,Hsap,14,49570984,49599164,28181,-,ENSG00000213741,RPS29,protein_coding,ribosomal protein S29 [Source:HGNC Symbol;Acc:HGNC:10419]
OG0002852,PTHR45739,158326,Hsap,9,14734666,14910995,176330,-,ENSG00000164946,FREM1,protein_coding,FRAS1 related extracellular matrix 1 [Source:HGNC Symbol;Acc:HGNC:23399]
OG0002918,PTHR24044,4855,Hsap,6,32194843,32224067,29225,-,ENSG00000204301,NOTCH4,protein_coding,notch receptor 4 [Source:HGNC Symbol;Acc:HGNC:7884]
OG0002918,PTHR24044,4855,Hsap,6,32194843,32224067,29225,-,ENSG00000204301,NOTCH4,protein_coding,notch receptor 4 [Source:HGNC Symbol;Acc:HGNC:7884]
OG0002947,PTHR23158,375056,Hsap,1,222618097,222668007,49911,+,ENSG00000154305,MIA3,protein_coding,MIA SH3 domain ER export factor 3 [Source:HGNC Symbol;Acc:HGNC:24008]
OG0003510,PTHR11738,3547,Hsap,X,131273506,131578899,305394,-,ENSG00000147255,IGSF1,protein_coding,immunoglobulin superfamily member 1 [Source:HGNC Symbol;Acc:HGNC:5948]
OG0003510,PTHR11738,3547,Hsap,X,131273506,131578899,305394,-,ENSG00000147255,IGSF1,protein_coding,immunoglobulin superfamily member 1 [Source:HGNC Symbol;Acc:HGNC:5948]
OG0003521,PTHR11908,7498,Hsap,2,31334321,31414742,80422,-,ENSG00000158125,XDH,protein_coding,xanthine dehydrogenase [Source:HGNC Symbol;Acc:HGNC:12805]
OG0003521,PTHR11908,7498,Hsap,2,31334321,31414742,80422,-,ENSG00000158125,XDH,protein_coding,xanthine dehydrogenase [Source:HGNC Symbol;Acc:HGNC:12805]
OG0003642,PTHR12587,8500,Hsap,11,70270700,70385312,114613,+,ENSG00000131626,PPFIA1,protein_coding,PTPRF interacting protein alpha 1 [Source:HGNC Symbol;Acc:HGNC:9245]
OG0003685,PTHR11640,4868,Hsap,19,35825964,35869287,43324,-,ENSG00000161270,NPHS1,protein_coding,"NPHS1 adhesion molecule, nephrin [Source:HGNC Symbol;Acc:HGNC:7908]"
OG0003742,PTHR24044,182,Hsap,20,10637684,10673999,36316,-,ENSG00000101384,JAG1,protein_coding,jagged canonical Notch ligand 1 [Source:HGNC Symbol;Acc:HGNC:6188]
OG0003850,PTHR45690,91662,Hsap,19,53793741,53824394,30654,-,ENSG00000142405,NLRP12,protein_coding,NLR family pyrin domain containing 12 [Source:HGNC Symbol;Acc:HGNC:22938]
OG0003850,PTHR45690,91662,Hsap,19,53793741,53824394,30654,-,ENSG00000142405,NLRP12,protein_coding,NLR family pyrin domain containing 12 [Source:HGNC Symbol;Acc:HGNC:22938]
OG0003850,PTHR45690,91662,Hsap,19,53793741,53824394,30654,-,ENSG00000142405,NLRP12,protein_coding,NLR family pyrin domain containing 12 [Source:HGNC Symbol;Acc:HGNC:22938]
OG0004319,PTHR12587,8496,Hsap,12,27523431,27695564,172134,+,ENSG00000110841,PPFIBP1,protein_coding,PPFIA binding protein 1 [Source:HGNC Symbol;Acc:HGNC:9249]
OG0004330,PTHR45690,114548,Hsap,1,247416156,247449108,32953,+,ENSG00000162711,NLRP3,protein_coding,NLR family pyrin domain containing 3 [Source:HGNC Symbol;Acc:HGNC:16400]
OG0004330,PTHR45690,114548,Hsap,1,247416156,247449108,32953,+,ENSG00000162711,NLRP3,protein_coding,NLR family pyrin domain containing 3 [Source:HGNC Symbol;Acc:HGNC:16400]
OG0004514,PTHR11533,51752,Hsap,5,96760810,96808100,47291,-,ENSG00000164307,ERAP1,protein_coding,endoplasmic reticulum aminopeptidase 1 [Source:HGNC Symbol;Acc:HGNC:18173]
OG0004514,PTHR11533,51752,Hsap,5,96760810,96808100,47291,-,ENSG00000164307,ERAP1,protein_coding,endoplasmic reticulum aminopeptidase 1 [Source:HGNC Symbol;Acc:HGNC:18173]
OG0004536,PTHR21517,389813,Hsap,9,136844415,136848801,4387,+,ENSG00000232434,AJM1,protein_coding,apical junction component 1 homolog [Source:HGNC Symbol;Acc:HGNC:37284]
OG0004592,PTHR11533,290,Hsap,15,89784895,89815401,30507,-,ENSG00000166825,ANPEP,protein_coding,"alanyl aminopeptidase, membrane [Source:HGNC Symbol;Acc:HGNC:500]"
OG0004646,PTHR11533,64167,Hsap,5,96875986,96919703,43718,+,ENSG00000164308,ERAP2,protein_coding,endoplasmic reticulum aminopeptidase 2 [Source:HGNC Symbol;Acc:HGNC:29499]
OG0004820,PTHR10666,7316,Hsap,12,124911604,124917368,5765,-,ENSG00000150991,UBC,protein_coding,ubiquitin C [Source:HGNC Symbol;Acc:HGNC:12468]
OG0004827,PTHR10151,5167,Hsap,6,131808016,131895155,87140,+,ENSG00000197594,ENPP1,protein_coding,ectonucleotide pyrophosphatase/phosphodiesterase 1 [Source:HGNC Symbol;Acc:HGNC:3356]
OG0004864,PTHR23226,360023,Hsap,1,197153682,197201293,47612,-,ENSG00000177888,ZBTB41,protein_coding,zinc finger and BTB domain containing 41 [Source:HGNC Symbol;Acc:HGNC:24819]
OG0005062,PTHR11640,84063,Hsap,19,35855861,35867136,11276,+,ENSG00000126259,KIRREL2,protein_coding,kirre like nephrin family adhesion molecule 2 [Source:HGNC Symbol;Acc:HGNC:18816]
OG0005082,PTHR45690,171389,Hsap,11,278365,285359,6995,+,ENSG00000174885,NLRP6,protein_coding,NLR family pyrin domain containing 6 [Source:HGNC Symbol;Acc:HGNC:22944]
OG0005326,PTHR23226,57336,Hsap,17,16546954,16569204,22251,-,ENSG00000141040,ZNF287,protein_coding,zinc finger protein 287 [Source:HGNC Symbol;Acc:HGNC:13502]
OG0005378,PTHR16148,55922,Hsap,X,119588337,119606443,18107,-,ENSG00000186416,NKRF,protein_coding,NFKB repressing factor [Source:HGNC Symbol;Acc:HGNC:19374]
OG0005378,PTHR16148,55922,Hsap,X,119588337,119606443,18107,-,ENSG00000186416,NKRF,protein_coding,NFKB repressing factor [Source:HGNC Symbol;Acc:HGNC:19374]
OG0005378,PTHR16148,55922,Hsap,X,119588337,119606443,18107,-,ENSG00000186416,NKRF,protein_coding,NFKB repressing factor [Source:HGNC Symbol;Acc:HGNC:19374]
OG0005714,PTHR24221,23457,Hsap,12,122920951,122981649,60699,-,ENSG00000150967,ABCB9,protein_coding,ATP binding cassette subfamily B member 9 [Source:HGNC Symbol;Acc:HGNC:50]
OG0005855,PTHR24221,22,Hsap,X,75051048,75156732,105685,-,ENSG00000131269,ABCB7,protein_coding,ATP binding cassette subfamily B member 7 [Source:HGNC Symbol;Acc:HGNC:48]
OG0005866,PTHR24221,6890,Hsap,6,32845209,32853978,8770,-,ENSG00000168394,TAP1,protein_coding,"transporter 1, ATP binding cassette subfamily B member [Source:HGNC Symbol;Acc:HGNC:43]"
OG0005866,PTHR24221,6890,Hsap,6,32845209,32853978,8770,-,ENSG00000168394,TAP1,protein_coding,"transporter 1, ATP binding cassette subfamily B member [Source:HGNC Symbol;Acc:HGNC:43]"
OG0005866,PTHR24221,6890,Hsap,6,32845209,32853978,8770,-,ENSG00000168394,TAP1,protein_coding,"transporter 1, ATP binding cassette subfamily B member [Source:HGNC Symbol;Acc:HGNC:43]"
OG0005866,PTHR24221,6890,Hsap,6,32845209,32853978,8770,-,ENSG00000168394,TAP1,protein_coding,"transporter 1, ATP binding cassette subfamily B member [Source:HGNC Symbol;Acc:HGNC:43]"
OG0005866,PTHR24221,6890,Hsap,6,32845209,32853978,8770,-,ENSG00000168394,TAP1,protein_coding,"transporter 1, ATP binding cassette subfamily B member [Source:HGNC Symbol;Acc:HGNC:43]"
OG0006052,PTHR24044,92737,Hsap,2,229357629,229714555,356927,-,ENSG00000187957,DNER,protein_coding,delta/notch like EGF repeat containing [Source:HGNC Symbol;Acc:HGNC:24456]
OG0006215,PTHR11475,4025,Hsap,17,58218548,58268518,49971,+,ENSG00000167419,LPO,protein_coding,lactoperoxidase [Source:HGNC Symbol;Acc:HGNC:6678]
OG0006215,PTHR11475,4025,Hsap,17,58218548,58268518,49971,+,ENSG00000167419,LPO,protein_coding,lactoperoxidase [Source:HGNC Symbol;Acc:HGNC:6678]
OG0006276,PTHR24050,2192,Hsap,22,45502238,45601135,98898,+,ENSG00000077942,FBLN1,protein_coding,fibulin 1 [Source:HGNC Symbol;Acc:HGNC:3600]
OG0006307,PTHR11528,10131,Hsap,16,3651639,3717553,65915,-,ENSG00000126602,TRAP1,protein_coding,TNF receptor associated protein 1 [Source:HGNC Symbol;Acc:HGNC:16264]
OG0006321,PTHR11875,64061,Hsap,X,53082367,53088540,6174,+,ENSG00000184205,TSPYL2,protein_coding,TSPY like 2 [Source:HGNC Symbol;Acc:HGNC:24358]
OG0006393,PTHR24376,54989,Hsap,15,34978341,34988287,9947,-,ENSG00000198146,ZNF770,protein_coding,zinc finger protein 770 [Source:HGNC Symbol;Acc:HGNC:26061]
OG0006409,PTHR24050,255743,Hsap,4,105894775,106004027,109253,+,ENSG00000168743,NPNT,protein_coding,nephronectin [Source:HGNC Symbol;Acc:HGNC:27405]
OG0006536,PTHR24103,4210,Hsap,16,3242027,3256633,14607,-,ENSG00000103313,MEFV,protein_coding,"MEFV innate immuity regulator, pyrin [Source:HGNC Symbol;Acc:HGNC:6998]"
OG0006536,PTHR24103,4210,Hsap,16,3242027,3256633,14607,-,ENSG00000103313,MEFV,protein_coding,"MEFV innate immuity regulator, pyrin [Source:HGNC Symbol;Acc:HGNC:6998]"
OG0007423,PTHR11073,821,Hsap,5,179678628,179731641,53014,+,ENSG00000127022,CANX,protein_coding,calnexin [Source:HGNC Symbol;Acc:HGNC:1473]
OG0007423,PTHR11073,821,Hsap,5,179678628,179731641,53014,+,ENSG00000127022,CANX,protein_coding,calnexin [Source:HGNC Symbol;Acc:HGNC:1473]
OG0007423,PTHR11073,821,Hsap,5,179678628,179731641,53014,+,ENSG00000127022,CANX,protein_coding,calnexin [Source:HGNC Symbol;Acc:HGNC:1473]
OG0007552,PTHR46006,50650,Hsap,3,56727418,57079329,351912,-,ENSG00000163947,ARHGEF3,protein_coding,Rho guanine nucleotide exchange factor 3 [Source:HGNC Symbol;Acc:HGNC:683]
OG0007552,PTHR46006,50650,Hsap,3,56727418,57079329,351912,-,ENSG00000163947,ARHGEF3,protein_coding,Rho guanine nucleotide exchange factor 3 [Source:HGNC Symbol;Acc:HGNC:683]
OG0007576,PTHR22913,3036,Hsap,19,51713112,51723991,10880,-,ENSG00000105509,HAS1,protein_coding,hyaluronan synthase 1 [Source:HGNC Symbol;Acc:HGNC:4818]
OG0007576,PTHR22913,3036,Hsap,19,51713112,51723991,10880,-,ENSG00000105509,HAS1,protein_coding,hyaluronan synthase 1 [Source:HGNC Symbol;Acc:HGNC:4818]
OG0007594,PTHR16148,55602,Hsap,4,183444635,183449064,4430,+,ENSG00000168564,CDKN2AIP,protein_coding,CDKN2A interacting protein [Source:HGNC Symbol;Acc:HGNC:24325]
OG0007741,PTHR45981,220972,Hsap,10,45454585,45594906,140322,-,ENSG00000165406,MARCHF8,protein_coding,membrane associated ring-CH-type finger 8 [Source:HGNC Symbol;Acc:HGNC:23356]
OG0007759,PTHR10131,7187,Hsap,14,102777449,102911500,134052,+,ENSG00000131323,TRAF3,protein_coding,TNF receptor associated factor 3 [Source:HGNC Symbol;Acc:HGNC:12033]
OG0007759,PTHR10131,7187,Hsap,14,102777449,102911500,134052,+,ENSG00000131323,TRAF3,protein_coding,TNF receptor associated factor 3 [Source:HGNC Symbol;Acc:HGNC:12033]
OG0007759,PTHR10131,7187,Hsap,14,102777449,102911500,134052,+,ENSG00000131323,TRAF3,protein_coding,TNF receptor associated factor 3 [Source:HGNC Symbol;Acc:HGNC:12033]
OG0007759,PTHR10131,7187,Hsap,14,102777449,102911500,134052,+,ENSG00000131323,TRAF3,protein_coding,TNF receptor associated factor 3 [Source:HGNC Symbol;Acc:HGNC:12033]
OG0007759,PTHR10131,7187,Hsap,14,102777449,102911500,134052,+,ENSG00000131323,TRAF3,protein_coding,TNF receptor associated factor 3 [Source:HGNC Symbol;Acc:HGNC:12033]
OG0007879,PTHR24410,3959,Hsap,17,78971238,78979947,8710,-,ENSG00000108679,LGALS3BP,protein_coding,galectin 3 binding protein [Source:HGNC Symbol;Acc:HGNC:6564]
OG0007879,PTHR24410,3959,Hsap,17,78971238,78979947,8710,-,ENSG00000108679,LGALS3BP,protein_coding,galectin 3 binding protein [Source:HGNC Symbol;Acc:HGNC:6564]
OG0007884,PTHR10131,7188,Hsap,1,211326615,211374946,48332,+,ENSG00000082512,TRAF5,protein_coding,TNF receptor associated factor 5 [Source:HGNC Symbol;Acc:HGNC:12035]
OG0007884,PTHR10131,7188,Hsap,1,211326615,211374946,48332,+,ENSG00000082512,TRAF5,protein_coding,TNF receptor associated factor 5 [Source:HGNC Symbol;Acc:HGNC:12035]
OG0007884,PTHR10131,7188,Hsap,1,211326615,211374946,48332,+,ENSG00000082512,TRAF5,protein_coding,TNF receptor associated factor 5 [Source:HGNC Symbol;Acc:HGNC:12035]
OG0007884,PTHR10131,7188,Hsap,1,211326615,211374946,48332,+,ENSG00000082512,TRAF5,protein_coding,TNF receptor associated factor 5 [Source:HGNC Symbol;Acc:HGNC:12035]
OG0007884,PTHR10131,7188,Hsap,1,211326615,211374946,48332,+,ENSG00000082512,TRAF5,protein_coding,TNF receptor associated factor 5 [Source:HGNC Symbol;Acc:HGNC:12035]
OG0007950,PTHR10924,28982,Hsap,1,212858275,212899363,41089,+,ENSG00000162769,FLVCR1,protein_coding,FLVCR heme transporter 1 [Source:HGNC Symbol;Acc:HGNC:24682]
OG0007993,PTHR15192,734,Hsap,8,89901849,89927888,26040,+,ENSG00000164823,OSGIN2,protein_coding,oxidative stress induced growth inhibitor family member 2 [Source:HGNC Symbol;Acc:HGNC:1355]
OG0008023,PTHR24064,10864,Hsap,6,43295694,43305538,9845,+,ENSG00000137204,SLC22A7,protein_coding,solute carrier family 22 member 7 [Source:HGNC Symbol;Acc:HGNC:10971]
OG0008029,PTHR24064,55356,Hsap,1,115976513,116070054,93542,+,ENSG00000163393,SLC22A15,protein_coding,solute carrier family 22 member 15 [Source:HGNC Symbol;Acc:HGNC:20301]
OG0008056,PTHR23226,7566,Hsap,17,11977439,11997475,20037,-,ENSG00000154957,ZNF18,protein_coding,zinc finger protein 18 [Source:HGNC Symbol;Acc:HGNC:12969]
OG0008098,PTHR10131,7189,Hsap,11,36483769,36510272,26504,-,ENSG00000175104,TRAF6,protein_coding,TNF receptor associated factor 6 [Source:HGNC Symbol;Acc:HGNC:12036]
OG0008098,PTHR10131,7189,Hsap,11,36483769,36510272,26504,-,ENSG00000175104,TRAF6,protein_coding,TNF receptor associated factor 6 [Source:HGNC Symbol;Acc:HGNC:12036]
OG0008098,PTHR10131,7189,Hsap,11,36483769,36510272,26504,-,ENSG00000175104,TRAF6,protein_coding,TNF receptor associated factor 6 [Source:HGNC Symbol;Acc:HGNC:12036]
OG0008098,PTHR10131,7189,Hsap,11,36483769,36510272,26504,-,ENSG00000175104,TRAF6,protein_coding,TNF receptor associated factor 6 [Source:HGNC Symbol;Acc:HGNC:12036]
OG0008132,PTHR10554,6645,Hsap,16,69187129,69309052,121924,+,ENSG00000168807,SNTB2,protein_coding,syntrophin beta 2 [Source:HGNC Symbol;Acc:HGNC:11169]
OG0008134,PTHR11183,2992,Hsap,3,148991408,149031775,40368,+,ENSG00000163754,GYG1,protein_coding,glycogenin 1 [Source:HGNC Symbol;Acc:HGNC:4699]
OG0008143,PTHR24299,1545,Hsap,2,38066973,38109902,42930,-,ENSG00000138061,CYP1B1,protein_coding,cytochrome P450 family 1 subfamily B member 1 [Source:HGNC Symbol;Acc:HGNC:2597]
OG0008148,PTHR11640,54621,Hsap,12,118063593,118136026,72434,-,ENSG00000176834,VSIG10,protein_coding,V-set and immunoglobulin domain containing 10 [Source:HGNC Symbol;Acc:HGNC:26078]
OG0008410,PTHR42693,2588,Hsap,16,88813734,88856970,43237,-,ENSG00000141012,GALNS,protein_coding,galactosamine (N-acetyl)-6-sulfatase [Source:HGNC Symbol;Acc:HGNC:4122]
OG0008441,PTHR10554,6641,Hsap,8,120535745,120813273,277529,-,ENSG00000172164,SNTB1,protein_coding,syntrophin beta 1 [Source:HGNC Symbol;Acc:HGNC:11168]
OG0008620,PTHR24300,1571,Hsap,10,133520406,133561220,40815,+,ENSG00000130649,CYP2E1,protein_coding,cytochrome P450 family 2 subfamily E member 1 [Source:HGNC Symbol;Acc:HGNC:2631]
OG0008754,PTHR24103,140691,Hsap,15,44728988,44767829,38842,+,ENSG00000185880,TRIM69,protein_coding,tripartite motif containing 69 [Source:HGNC Symbol;Acc:HGNC:17857]
OG0008846,PTHR10869,54681,Hsap,3,48989889,49007153,17265,+,ENSG00000178467,P4HTM,protein_coding,"prolyl 4-hydroxylase, transmembrane [Source:HGNC Symbol;Acc:HGNC:28858]"
OG0008863,PTHR24103,23087,Hsap,8,27284886,27311272,26387,-,ENSG00000104228,TRIM35,protein_coding,tripartite motif containing 35 [Source:HGNC Symbol;Acc:HGNC:16285]
OG0008869,PTHR24368,57463,Hsap,1,109504178,109509738,5561,-,ENSG00000181754,AMIGO1,protein_coding,adhesion molecule with Ig like domain 1 [Source:HGNC Symbol;Acc:HGNC:20824]
OG0008903,PTHR12688,1783,Hsap,16,66720893,66751609,30717,-,ENSG00000135720,DYNC1LI2,protein_coding,dynein cytoplasmic 1 light intermediate chain 2 [Source:HGNC Symbol;Acc:HGNC:2966]
OG0008971,PTHR11010,29952,Hsap,9,137110546,137115177,4632,-,ENSG00000176978,DPP7,protein_coding,dipeptidyl peptidase 7 [Source:HGNC Symbol;Acc:HGNC:14892]
OG0009081,PTHR24103,493829,Hsap,16,31214091,31231537,17447,+,ENSG00000177238,TRIM72,protein_coding,tripartite motif containing 72 [Source:HGNC Symbol;Acc:HGNC:32671]
OG0009211,PTHR11544,8531,Hsap,12,10699089,10723323,24235,-,ENSG00000060138,YBX3,protein_coding,Y-box binding protein 3 [Source:HGNC Symbol;Acc:HGNC:2428]
OG0009211,PTHR11544,8531,Hsap,12,10699089,10723323,24235,-,ENSG00000060138,YBX3,protein_coding,Y-box binding protein 3 [Source:HGNC Symbol;Acc:HGNC:2428]
OG0009231,PTHR23424,113174,Hsap,11,18069935,18106087,36153,-,ENSG00000166788,SAAL1,protein_coding,serum amyloid A like 1 [Source:HGNC Symbol;Acc:HGNC:25158]
OG0009280,PTHR10131,9618,Hsap,17,28744005,28750956,6952,+,ENSG00000076604,TRAF4,protein_coding,TNF receptor associated factor 4 [Source:HGNC Symbol;Acc:HGNC:12034]
OG0009280,PTHR10131,9618,Hsap,17,28744005,28750956,6952,+,ENSG00000076604,TRAF4,protein_coding,TNF receptor associated factor 4 [Source:HGNC Symbol;Acc:HGNC:12034]
OG0009280,PTHR10131,9618,Hsap,17,28744005,28750956,6952,+,ENSG00000076604,TRAF4,protein_coding,TNF receptor associated factor 4 [Source:HGNC Symbol;Acc:HGNC:12034]
OG0009280,PTHR10131,9618,Hsap,17,28744005,28750956,6952,+,ENSG00000076604,TRAF4,protein_coding,TNF receptor associated factor 4 [Source:HGNC Symbol;Acc:HGNC:12034]
OG0009333,PTHR24103,6737,Hsap,11,4384897,4393702,8806,-,ENSG00000132109,TRIM21,protein_coding,tripartite motif containing 21 [Source:HGNC Symbol;Acc:HGNC:11312]
OG0009466,PTHR24103,10475,Hsap,6,25962802,25991231,28430,+,ENSG00000112343,TRIM38,protein_coding,tripartite motif containing 38 [Source:HGNC Symbol;Acc:HGNC:10059]
OG0009466,PTHR24103,10475,Hsap,6,25962802,25991231,28430,+,ENSG00000112343,TRIM38,protein_coding,tripartite motif containing 38 [Source:HGNC Symbol;Acc:HGNC:10059]
OG0009775,PTHR24103,9830,Hsap,9,98069275,98119222,49948,-,ENSG00000106785,TRIM14,protein_coding,tripartite motif containing 14 [Source:HGNC Symbol;Acc:HGNC:16283]
OG0009920,PTHR16423,79865,Hsap,6,41189749,41201149,11401,-,ENSG00000112195,TREML2,protein_coding,triggering receptor expressed on myeloid cells like 2 [Source:HGNC Symbol;Acc:HGNC:21092]
OG0009920,PTHR16423,79865,Hsap,6,41189749,41201149,11401,-,ENSG00000112195,TREML2,protein_coding,triggering receptor expressed on myeloid cells like 2 [Source:HGNC Symbol;Acc:HGNC:21092]
OG0010026,PTHR11875,4676,Hsap,11,2944431,2992377,47947,-,ENSG00000205531,NAP1L4,protein_coding,nucleosome assembly protein 1 like 4 [Source:HGNC Symbol;Acc:HGNC:7640]
OG0010213,PTHR24068,55585,Hsap,1,154548577,154559028,10452,-,ENSG00000160714,UBE2Q1,protein_coding,ubiquitin conjugating enzyme E2 Q1 [Source:HGNC Symbol;Acc:HGNC:15698]
OG0010364,PTHR14003,7528,Hsap,14,100238298,100282788,44491,+,ENSG00000100811,YY1,protein_coding,YY1 transcription factor [Source:HGNC Symbol;Acc:HGNC:12856]
OG0010364,PTHR14003,7528,Hsap,14,100238298,100282788,44491,+,ENSG00000100811,YY1,protein_coding,YY1 transcription factor [Source:HGNC Symbol;Acc:HGNC:12856]
OG0010373,PTHR10131,7185,Hsap,9,120902393,120929173,26781,-,ENSG00000056558,TRAF1,protein_coding,TNF receptor associated factor 1 [Source:HGNC Symbol;Acc:HGNC:12031]
OG0010373,PTHR10131,7185,Hsap,9,120902393,120929173,26781,-,ENSG00000056558,TRAF1,protein_coding,TNF receptor associated factor 1 [Source:HGNC Symbol;Acc:HGNC:12031]
OG0010373,PTHR10131,7185,Hsap,9,120902393,120929173,26781,-,ENSG00000056558,TRAF1,protein_coding,TNF receptor associated factor 1 [Source:HGNC Symbol;Acc:HGNC:12031]
OG0010373,PTHR10131,7185,Hsap,9,120902393,120929173,26781,-,ENSG00000056558,TRAF1,protein_coding,TNF receptor associated factor 1 [Source:HGNC Symbol;Acc:HGNC:12031]
OG0010839,PTHR16675,913,Hsap,1,158353696,158357553,3858,+,ENSG00000158488,CD1E,protein_coding,CD1e molecule [Source:HGNC Symbol;Acc:HGNC:1638]
OG0010839,PTHR16675,913,Hsap,1,158353696,158357553,3858,+,ENSG00000158488,CD1E,protein_coding,CD1e molecule [Source:HGNC Symbol;Acc:HGNC:1638]
OG0010839,PTHR16675,913,Hsap,1,158353696,158357553,3858,+,ENSG00000158488,CD1E,protein_coding,CD1e molecule [Source:HGNC Symbol;Acc:HGNC:1638]
OG0010846,PTHR14145,9861,Hsap,3,64010550,64024010,13461,-,ENSG00000163636,PSMD6,protein_coding,"proteasome 26S subunit, non-ATPase 6 [Source:HGNC Symbol;Acc:HGNC:9564]"
OG0010923,PTHR11034,10397,Hsap,8,133237175,133302022,64848,-,ENSG00000104419,NDRG1,protein_coding,N-myc downstream regulated 1 [Source:HGNC Symbol;Acc:HGNC:7679]
OG0010968,PTHR11214,192134,Hsap,11,77034398,77041973,7576,+,ENSG00000198488,B3GNT6,protein_coding,"UDP-GlcNAc:betaGal beta-1,3-N-acetylglucosaminyltransferase 6 [Source:HGNC Symbol;Acc:HGNC:24141]"
OG0010975,PTHR10811,3955,Hsap,7,2512529,2529177,16649,+,ENSG00000106003,LFNG,protein_coding,LFNG O-fucosylpeptide 3-beta-N-acetylglucosaminyltransferase [Source:HGNC Symbol;Acc:HGNC:6560]
OG0010979,PTHR11214,84002,Hsap,3,183253253,183298504,45252,+,ENSG00000176597,B3GNT5,protein_coding,"UDP-GlcNAc:betaGal beta-1,3-N-acetylglucosaminyltransferase 5 [Source:HGNC Symbol;Acc:HGNC:15684]"
OG0011030,PTHR24103,54765,Hsap,11,35662775,35818007,155233,+,ENSG00000166326,TRIM44,protein_coding,tripartite motif containing 44 [Source:HGNC Symbol;Acc:HGNC:19016]
OG0011077,PTHR24068,92912,Hsap,15,75843307,75901078,57772,+,ENSG00000140367,UBE2Q2,protein_coding,ubiquitin conjugating enzyme E2 Q2 [Source:HGNC Symbol;Acc:HGNC:19248]
OG0011198,PTHR13989,79991,Hsap,10,103877569,103918184,40616,-,ENSG00000107960,STN1,protein_coding,STN1 subunit of CST complex [Source:HGNC Symbol;Acc:HGNC:26200]
OG0011316,PTHR16675,2217,Hsap,19,49506816,49526428,19613,+,ENSG00000104870,FCGRT,protein_coding,Fc fragment of IgG receptor and transporter [Source:HGNC Symbol;Acc:HGNC:3621]
OG0011316,PTHR16675,2217,Hsap,19,49506816,49526428,19613,+,ENSG00000104870,FCGRT,protein_coding,Fc fragment of IgG receptor and transporter [Source:HGNC Symbol;Acc:HGNC:3621]
OG0011316,PTHR16675,2217,Hsap,19,49506816,49526428,19613,+,ENSG00000104870,FCGRT,protein_coding,Fc fragment of IgG receptor and transporter [Source:HGNC Symbol;Acc:HGNC:3621]
OG0011515,PTHR16675,3077,Hsap,6,26087281,26098343,11063,+,ENSG00000010704,HFE,protein_coding,homeostatic iron regulator [Source:HGNC Symbol;Acc:HGNC:4886]
OG0011515,PTHR16675,3077,Hsap,6,26087281,26098343,11063,+,ENSG00000010704,HFE,protein_coding,homeostatic iron regulator [Source:HGNC Symbol;Acc:HGNC:4886]
OG0011600,PTHR11738,51206,Hsap,19,55013705,55038264,24560,-,ENSG00000088053,GP6,protein_coding,glycoprotein VI platelet [Source:HGNC Symbol;Acc:HGNC:14388]
OG0011761,PTHR12322,63948,Hsap,1,53459399,53467488,8090,+,ENSG00000143006,DMRTB1,protein_coding,DMRT like family B with proline rich C-terminal 1 [Source:HGNC Symbol;Acc:HGNC:13913]
OG0011776,PTHR10921,81565,Hsap,17,8413131,8490411,77281,+,ENSG00000166579,NDEL1,protein_coding,nudE neurodevelopment protein 1 like 1 [Source:HGNC Symbol;Acc:HGNC:17620]
OG0011870,PTHR11727,51106,Hsap,6,155256134,155314493,58360,-,ENSG00000029639,TFB1M,protein_coding,"transcription factor B1, mitochondrial [Source:HGNC Symbol;Acc:HGNC:17037]"
OG0011972,PTHR11738,9437,Hsap,19,54906148,54916140,9993,+,ENSG00000189430,NCR1,protein_coding,natural cytotoxicity triggering receptor 1 [Source:HGNC Symbol;Acc:HGNC:6731]
OG0011972,PTHR11738,9437,Hsap,19,54906148,54916140,9993,+,ENSG00000189430,NCR1,protein_coding,natural cytotoxicity triggering receptor 1 [Source:HGNC Symbol;Acc:HGNC:6731]
OG0011972,PTHR11738,9437,Hsap,19,54906148,54916140,9993,+,ENSG00000189430,NCR1,protein_coding,natural cytotoxicity triggering receptor 1 [Source:HGNC Symbol;Acc:HGNC:6731]
OG0011976,PTHR10811,4242,Hsap,22,37469063,37486393,17331,-,ENSG00000100060,MFNG,protein_coding,MFNG O-fucosylpeptide 3-beta-N-acetylglucosaminyltransferase [Source:HGNC Symbol;Acc:HGNC:7038]
OG0011980,PTHR16675,3140,Hsap,1,181033425,181061938,28514,+,ENSG00000153029,MR1,protein_coding,"major histocompatibility complex, class I-related [Source:HGNC Symbol;Acc:HGNC:4975]"
OG0011980,PTHR16675,3140,Hsap,1,181033425,181061938,28514,+,ENSG00000153029,MR1,protein_coding,"major histocompatibility complex, class I-related [Source:HGNC Symbol;Acc:HGNC:4975]"
OG0011980,PTHR16675,3140,Hsap,1,181033425,181061938,28514,+,ENSG00000153029,MR1,protein_coding,"major histocompatibility complex, class I-related [Source:HGNC Symbol;Acc:HGNC:4975]"
OG0011980,PTHR16675,3140,Hsap,1,181033425,181061938,28514,+,ENSG00000153029,MR1,protein_coding,"major histocompatibility complex, class I-related [Source:HGNC Symbol;Acc:HGNC:4975]"
OG0012031,PTHR10293,10539,Hsap,10,130136391,130184521,48131,+,ENSG00000108010,GLRX3,protein_coding,glutaredoxin 3 [Source:HGNC Symbol;Acc:HGNC:15987]
OG0012044,PTHR24103,149603,Hsap,1,228487382,228496188,8807,+,ENSG00000168159,RNF187,protein_coding,ring finger protein 187 [Source:HGNC Symbol;Acc:HGNC:27146]
OG0012110,PTHR11214,8706,Hsap,3,161083883,161105411,21529,-,ENSG00000169255,B3GALNT1,protein_coding,"beta-1,3-N-acetylgalactosaminyltransferase 1 (globoside blood group) [Source:HGNC Symbol;Acc:HGNC:918]"
OG0012110,PTHR11214,8706,Hsap,3,161083883,161105411,21529,-,ENSG00000169255,B3GALNT1,protein_coding,"beta-1,3-N-acetylgalactosaminyltransferase 1 (globoside blood group) [Source:HGNC Symbol;Acc:HGNC:918]"
OG0012110,PTHR11214,8706,Hsap,3,161083883,161105411,21529,-,ENSG00000169255,B3GALNT1,protein_coding,"beta-1,3-N-acetylgalactosaminyltransferase 1 (globoside blood group) [Source:HGNC Symbol;Acc:HGNC:918]"
OG0012175,PTHR45822,2867,Hsap,19,35443907,35451767,7861,+,ENSG00000126262,FFAR2,protein_coding,free fatty acid receptor 2 [Source:HGNC Symbol;Acc:HGNC:4501]
OG0012175,PTHR45822,2867,Hsap,19,35443907,35451767,7861,+,ENSG00000126262,FFAR2,protein_coding,free fatty acid receptor 2 [Source:HGNC Symbol;Acc:HGNC:4501]
OG0012188,PTHR24068,51465,Hsap,6,89326625,89352722,26098,-,ENSG00000198833,UBE2J1,protein_coding,ubiquitin conjugating enzyme E2 J1 [Source:HGNC Symbol;Acc:HGNC:17598]
OG0012459,PTHR26450,390078,Hsap,11,5840928,5841952,1025,-,ENSG00000205409,OR52E6,protein_coding,olfactory receptor family 52 subfamily E member 6 [Source:HGNC Symbol;Acc:HGNC:15215]
OG0012459,PTHR26450,390079,Hsap,11,5856674,5857734,1061,-,ENSG00000183269,OR52E8,protein_coding,olfactory receptor family 52 subfamily E member 8 [Source:HGNC Symbol;Acc:HGNC:15217]
OG0012514,PTHR26450,390063,Hsap,11,5440570,5441514,945,-,ENSG00000167359,OR51I1,protein_coding,olfactory receptor family 51 subfamily I member 1 [Source:HGNC Symbol;Acc:HGNC:15200]
OG0012735,PTHR11371,1776,Hsap,3,58192257,58214697,22441,-,ENSG00000163687,DNASE1L3,protein_coding,deoxyribonuclease 1 like 3 [Source:HGNC Symbol;Acc:HGNC:2959]
OG0012740,PTHR10083,7035,Hsap,2,187464230,187565760,101531,-,ENSG00000003436,TFPI,protein_coding,tissue factor pathway inhibitor [Source:HGNC Symbol;Acc:HGNC:11760]
OG0012873,PTHR16675,563,Hsap,7,99966720,99976042,9323,-,ENSG00000160862,AZGP1,protein_coding,"alpha-2-glycoprotein 1, zinc-binding [Source:HGNC Symbol;Acc:HGNC:910]"
OG0012873,PTHR16675,563,Hsap,7,99966720,99976042,9323,-,ENSG00000160862,AZGP1,protein_coding,"alpha-2-glycoprotein 1, zinc-binding [Source:HGNC Symbol;Acc:HGNC:910]"
OG0012991,PTHR24068,64400,Hsap,16,53491040,53504411,13372,-,ENSG00000166971,AKTIP,protein_coding,AKT interacting protein [Source:HGNC Symbol;Acc:HGNC:16710]
OG0013056,PTHR11738,2204,Hsap,19,54874235,54891420,17186,+,ENSG00000186431,FCAR,protein_coding,Fc fragment of IgA receptor [Source:HGNC Symbol;Acc:HGNC:3608]
OG0013056,PTHR11738,2204,Hsap,19,54874235,54891420,17186,+,ENSG00000186431,FCAR,protein_coding,Fc fragment of IgA receptor [Source:HGNC Symbol;Acc:HGNC:3608]
OG0013056,PTHR11738,2204,Hsap,19,54874235,54891420,17186,+,ENSG00000186431,FCAR,protein_coding,Fc fragment of IgA receptor [Source:HGNC Symbol;Acc:HGNC:3608]
OG0013056,PTHR11738,2204,Hsap,19,54874235,54891420,17186,+,ENSG00000186431,FCAR,protein_coding,Fc fragment of IgA receptor [Source:HGNC Symbol;Acc:HGNC:3608]
OG0013196,PTHR11738,126014,Hsap,19,54094668,54102692,8025,-,ENSG00000170909,OSCAR,protein_coding,osteoclast associated Ig-like receptor [Source:HGNC Symbol;Acc:HGNC:29960]
OG0013196,PTHR11738,126014,Hsap,19,54094668,54102692,8025,-,ENSG00000170909,OSCAR,protein_coding,osteoclast associated Ig-like receptor [Source:HGNC Symbol;Acc:HGNC:29960]
OG0013219,PTHR11371,1773,Hsap,16,3611728,3680143,68416,+,ENSG00000213918,DNASE1,protein_coding,deoxyribonuclease 1 [Source:HGNC Symbol;Acc:HGNC:2956]
OG0013257,PTHR11738,441864,Hsap,19,54069895,54081365,11471,-,ENSG00000248385,TARM1,protein_coding,"T cell-interacting, activating receptor on myeloid cells 1 [Source:HGNC Symbol;Acc:HGNC:37250]"
OG0013383,PTHR46490,160364,Hsap,12,9951316,9995694,44379,+,ENSG00000172322,CLEC12A,protein_coding,C-type lectin domain family 12 member A [Source:HGNC Symbol;Acc:HGNC:31713]
OG0013383,PTHR46490,160364,Hsap,12,9951316,9995694,44379,+,ENSG00000172322,CLEC12A,protein_coding,C-type lectin domain family 12 member A [Source:HGNC Symbol;Acc:HGNC:31713]
OG0013405,PTHR19944,3112,Hsap,6,32812763,32820466,7704,-,ENSG00000241106,HLA-DOB,protein_coding,"major histocompatibility complex, class II, DO beta [Source:HGNC Symbol;Acc:HGNC:4937]"
OG0013405,PTHR19944,3112,Hsap,6,32812763,32820466,7704,-,ENSG00000241106,HLA-DOB,protein_coding,"major histocompatibility complex, class II, DO beta [Source:HGNC Symbol;Acc:HGNC:4937]"
OG0013405,PTHR19944,3112,Hsap,6,32812763,32820466,7704,-,ENSG00000241106,HLA-DOB,protein_coding,"major histocompatibility complex, class II, DO beta [Source:HGNC Symbol;Acc:HGNC:4937]"
OG0013405,PTHR19944,3112,Hsap,6,32812763,32820466,7704,-,ENSG00000241106,HLA-DOB,protein_coding,"major histocompatibility complex, class II, DO beta [Source:HGNC Symbol;Acc:HGNC:4937]"
OG0013405,PTHR19944,3112,Hsap,6,32812763,32820466,7704,-,ENSG00000241106,HLA-DOB,protein_coding,"major histocompatibility complex, class II, DO beta [Source:HGNC Symbol;Acc:HGNC:4937]"
OG0013405,PTHR19944,3112,Hsap,6,32812763,32820466,7704,-,ENSG00000241106,HLA-DOB,protein_coding,"major histocompatibility complex, class II, DO beta [Source:HGNC Symbol;Acc:HGNC:4937]"
OG0013422,PTHR43836,1312,Hsap,22,19941733,19969975,28243,+,ENSG00000093010,COMT,protein_coding,catechol-O-methyltransferase [Source:HGNC Symbol;Acc:HGNC:2228]
OG0013422,PTHR43836,1312,Hsap,22,19941733,19969975,28243,+,ENSG00000093010,COMT,protein_coding,catechol-O-methyltransferase [Source:HGNC Symbol;Acc:HGNC:2228]
OG0013517,PTHR11241,1854,Hsap,15,48331011,48343373,12363,+,ENSG00000128951,DUT,protein_coding,deoxyuridine triphosphatase [Source:HGNC Symbol;Acc:HGNC:3078]
OG0013519,PTHR10962,9445,Hsap,13,48232612,48270357,37746,+,ENSG00000136156,ITM2B,protein_coding,integral membrane protein 2B [Source:HGNC Symbol;Acc:HGNC:6174]
OG0013549,PTHR19944,3111,Hsap,6,33004182,33009591,5410,-,ENSG00000204252,HLA-DOA,protein_coding,"major histocompatibility complex, class II, DO alpha [Source:HGNC Symbol;Acc:HGNC:4936]"
OG0013549,PTHR19944,3111,Hsap,6,33004182,33009591,5410,-,ENSG00000204252,HLA-DOA,protein_coding,"major histocompatibility complex, class II, DO alpha [Source:HGNC Symbol;Acc:HGNC:4936]"
OG0013549,PTHR19944,3111,Hsap,6,33004182,33009591,5410,-,ENSG00000204252,HLA-DOA,protein_coding,"major histocompatibility complex, class II, DO alpha [Source:HGNC Symbol;Acc:HGNC:4936]"
OG0013596,PTHR19944,3109,Hsap,6,32934629,32941028,6400,-,ENSG00000242574,HLA-DMB,protein_coding,"major histocompatibility complex, class II, DM beta [Source:HGNC Symbol;Acc:HGNC:4935]"
OG0013596,PTHR19944,3109,Hsap,6,32934629,32941028,6400,-,ENSG00000242574,HLA-DMB,protein_coding,"major histocompatibility complex, class II, DM beta [Source:HGNC Symbol;Acc:HGNC:4935]"
OG0013596,PTHR19944,3109,Hsap,6,32934629,32941028,6400,-,ENSG00000242574,HLA-DMB,protein_coding,"major histocompatibility complex, class II, DM beta [Source:HGNC Symbol;Acc:HGNC:4935]"
OG0013596,PTHR19944,3109,Hsap,6,32934629,32941028,6400,-,ENSG00000242574,HLA-DMB,protein_coding,"major histocompatibility complex, class II, DM beta [Source:HGNC Symbol;Acc:HGNC:4935]"
OG0013596,PTHR19944,3109,Hsap,6,32934629,32941028,6400,-,ENSG00000242574,HLA-DMB,protein_coding,"major histocompatibility complex, class II, DM beta [Source:HGNC Symbol;Acc:HGNC:4935]"
OG0013596,PTHR19944,3109,Hsap,6,32934629,32941028,6400,-,ENSG00000242574,HLA-DMB,protein_coding,"major histocompatibility complex, class II, DM beta [Source:HGNC Symbol;Acc:HGNC:4935]"
OG0013596,PTHR19944,3109,Hsap,6,32934629,32941028,6400,-,ENSG00000242574,HLA-DMB,protein_coding,"major histocompatibility complex, class II, DM beta [Source:HGNC Symbol;Acc:HGNC:4935]"
OG0013596,PTHR19944,3109,Hsap,6,32934629,32941028,6400,-,ENSG00000242574,HLA-DMB,protein_coding,"major histocompatibility complex, class II, DM beta [Source:HGNC Symbol;Acc:HGNC:4935]"
OG0013786,PTHR19944,3122,Hsap,6,32439878,32445046,5169,+,ENSG00000204287,HLA-DRA,protein_coding,"major histocompatibility complex, class II, DR alpha [Source:HGNC Symbol;Acc:HGNC:4947]"
OG0013786,PTHR19944,3122,Hsap,6,32439878,32445046,5169,+,ENSG00000204287,HLA-DRA,protein_coding,"major histocompatibility complex, class II, DR alpha [Source:HGNC Symbol;Acc:HGNC:4947]"
OG0013786,PTHR19944,3122,Hsap,6,32439878,32445046,5169,+,ENSG00000204287,HLA-DRA,protein_coding,"major histocompatibility complex, class II, DR alpha [Source:HGNC Symbol;Acc:HGNC:4947]"
OG0013786,PTHR19944,3122,Hsap,6,32439878,32445046,5169,+,ENSG00000204287,HLA-DRA,protein_coding,"major histocompatibility complex, class II, DR alpha [Source:HGNC Symbol;Acc:HGNC:4947]"
OG0013835,PTHR48068,51616,Hsap,X,78129748,78139650,9903,-,ENSG00000187325,TAF9B,protein_coding,TATA-box binding protein associated factor 9b [Source:HGNC Symbol;Acc:HGNC:17306]
OG0013835,PTHR48068,51616,Hsap,X,78129748,78139650,9903,-,ENSG00000187325,TAF9B,protein_coding,TATA-box binding protein associated factor 9b [Source:HGNC Symbol;Acc:HGNC:17306]
OG0014127,PTHR10083,7980,Hsap,7,93885396,93890753,5358,-,ENSG00000105825,TFPI2,protein_coding,tissue factor pathway inhibitor 2 [Source:HGNC Symbol;Acc:HGNC:11761]
OG0014127,PTHR10083,7980,Hsap,7,93885396,93890753,5358,-,ENSG00000105825,TFPI2,protein_coding,tissue factor pathway inhibitor 2 [Source:HGNC Symbol;Acc:HGNC:11761]
OG0014151,PTHR12479,9741,Hsap,2,20032650,20051628,18979,-,ENSG00000068697,LAPTM4A,protein_coding,lysosomal protein transmembrane 4 alpha [Source:HGNC Symbol;Acc:HGNC:6924]
OG0014246,PTHR10634,60685,Hsap,6,37819727,38154624,334898,+,ENSG00000156639,ZFAND3,protein_coding,zinc finger AN1-type containing 3 [Source:HGNC Symbol;Acc:HGNC:18019]
OG0014272,PTHR46490,51266,Hsap,12,9985642,10013424,27783,-,ENSG00000165682,CLEC1B,protein_coding,C-type lectin domain family 1 member B [Source:HGNC Symbol;Acc:HGNC:24356]
OG0014306,PTHR43340,56952,Hsap,10,24848614,24952606,103993,-,ENSG00000099256,PRTFDC1,protein_coding,phosphoribosyl transferase domain containing 1 [Source:HGNC Symbol;Acc:HGNC:23333]
OG0014537,PTHR10634,7763,Hsap,9,72351413,72365235,13823,-,ENSG00000107372,ZFAND5,protein_coding,zinc finger AN1-type containing 5 [Source:HGNC Symbol;Acc:HGNC:13008]
OG0014537,PTHR10634,7763,Hsap,9,72351413,72365235,13823,-,ENSG00000107372,ZFAND5,protein_coding,zinc finger AN1-type containing 5 [Source:HGNC Symbol;Acc:HGNC:13008]
OG0014537,PTHR10634,7763,Hsap,9,72351413,72365235,13823,-,ENSG00000107372,ZFAND5,protein_coding,zinc finger AN1-type containing 5 [Source:HGNC Symbol;Acc:HGNC:13008]
OG0014890,PTHR24068,55284,Hsap,8,73780097,73878910,98814,-,ENSG00000104343,UBE2W,protein_coding,ubiquitin conjugating enzyme E2 W [Source:HGNC Symbol;Acc:HGNC:25616]
OG0015107,PTHR15581,23421,Hsap,1,63440770,63593721,152952,-,ENSG00000142856,ITGB3BP,protein_coding,integrin subunit beta 3 binding protein [Source:HGNC Symbol;Acc:HGNC:6157]
OG0015107,PTHR15581,23421,Hsap,1,63440770,63593721,152952,-,ENSG00000142856,ITGB3BP,protein_coding,integrin subunit beta 3 binding protein [Source:HGNC Symbol;Acc:HGNC:6157]
OG0015109,PTHR24068,7328,Hsap,7,129830732,129952960,122229,-,ENSG00000186591,UBE2H,protein_coding,ubiquitin conjugating enzyme E2 H [Source:HGNC Symbol;Acc:HGNC:12484]
OG0015109,PTHR24068,7328,Hsap,7,129830732,129952960,122229,-,ENSG00000186591,UBE2H,protein_coding,ubiquitin conjugating enzyme E2 H [Source:HGNC Symbol;Acc:HGNC:12484]
OG0015112,PTHR24068,9040,Hsap,19,58555712,58558954,3243,-,ENSG00000130725,UBE2M,protein_coding,ubiquitin conjugating enzyme E2 M [Source:HGNC Symbol;Acc:HGNC:12491]
OG0015254,PTHR12377,51647,Hsap,16,66932065,66934423,2359,-,ENSG00000166595,CIAO2B,protein_coding,cytosolic iron-sulfur assembly component 2B [Source:HGNC Symbol;Acc:HGNC:24261]
OG0015373,PTHR48034,1153,Hsap,19,1259384,1274880,15497,+,ENSG00000099622,CIRBP,protein_coding,cold inducible RNA binding protein [Source:HGNC Symbol;Acc:HGNC:1982]
OG0015446,PTHR11639,6274,Hsap,1,153547329,153549258,1930,-,ENSG00000188015,S100A3,protein_coding,S100 calcium binding protein A3 [Source:HGNC Symbol;Acc:HGNC:10493]
OG0015447,PTHR11515,7252,Hsap,1,115029826,115034302,4477,+,ENSG00000134200,TSHB,protein_coding,thyroid stimulating hormone subunit beta [Source:HGNC Symbol;Acc:HGNC:12372]
OG0015471,PTHR10666,6233,Hsap,2,55231903,55235853,3951,+,ENSG00000143947,RPS27A,protein_coding,ribosomal protein S27a [Source:HGNC Symbol;Acc:HGNC:10417]
OG0015499,PTHR10666,9636,Hsap,1,1001138,1014540,13403,+,ENSG00000187608,ISG15,protein_coding,ISG15 ubiquitin like modifier [Source:HGNC Symbol;Acc:HGNC:4053]
OG0015499,PTHR10666,9636,Hsap,1,1001138,1014540,13403,+,ENSG00000187608,ISG15,protein_coding,ISG15 ubiquitin like modifier [Source:HGNC Symbol;Acc:HGNC:4053]
OG0015525,PTHR24068,9246,Hsap,11,57551656,57568284,16629,-,ENSG00000156587,UBE2L6,protein_coding,ubiquitin conjugating enzyme E2 L6 [Source:HGNC Symbol;Acc:HGNC:12490]
OG0015526,PTHR14356,59067,Hsap,4,122610108,122621066,10959,-,ENSG00000138684,IL21,protein_coding,interleukin 21 [Source:HGNC Symbol;Acc:HGNC:6005]
OG0015526,PTHR14356,59067,Hsap,4,122610108,122621066,10959,-,ENSG00000138684,IL21,protein_coding,interleukin 21 [Source:HGNC Symbol;Acc:HGNC:6005]
OG0015526,PTHR14356,59067,Hsap,4,122610108,122621066,10959,-,ENSG00000138684,IL21,protein_coding,interleukin 21 [Source:HGNC Symbol;Acc:HGNC:6005]
OG0015564,PTHR11639,6280,Hsap,1,153357854,153361023,3170,+,ENSG00000163220,S100A9,protein_coding,S100 calcium binding protein A9 [Source:HGNC Symbol;Acc:HGNC:10499]
OG0015564,PTHR11639,6280,Hsap,1,153357854,153361023,3170,+,ENSG00000163220,S100A9,protein_coding,S100 calcium binding protein A9 [Source:HGNC Symbol;Acc:HGNC:10499]
OG0015677,PTHR46780,84141,Hsap,2,75469302,75569722,100421,-,ENSG00000115363,EVA1A,protein_coding,"eva-1 homolog A, regulator of programmed cell death [Source:HGNC Symbol;Acc:HGNC:25816]"
OG0015689,PTHR23338,25804,Hsap,19,18306236,18323112,16877,-,ENSG00000130520,LSM4,protein_coding,"LSM4 homolog, U6 small nuclear RNA and mRNA degradation associated [Source:HGNC Symbol;Acc:HGNC:17259]"
OG0015856,PTHR23338,6634,Hsap,22,24555958,24582052,26095,+,ENSG00000100028,SNRPD3,protein_coding,small nuclear ribonucleoprotein D3 polypeptide [Source:HGNC Symbol;Acc:HGNC:11160]
OG0015866,PTHR12258,29085,Hsap,9,136848724,136851027,2304,+,ENSG00000054148,PHPT1,protein_coding,phosphohistidine phosphatase 1 [Source:HGNC Symbol;Acc:HGNC:30033]
OG0015866,PTHR12258,29085,Hsap,9,136848724,136851027,2304,+,ENSG00000054148,PHPT1,protein_coding,phosphohistidine phosphatase 1 [Source:HGNC Symbol;Acc:HGNC:30033]
OG0015916,PTHR12669,1979,Hsap,10,70404145,70428618,24474,+,ENSG00000148730,EIF4EBP2,protein_coding,eukaryotic translation initiation factor 4E binding protein 2 [Source:HGNC Symbol;Acc:HGNC:3289]
OG0015919,PTHR23338,6632,Hsap,18,21612314,21633524,21211,+,ENSG00000167088,SNRPD1,protein_coding,small nuclear ribonucleoprotein D1 polypeptide [Source:HGNC Symbol;Acc:HGNC:11158]
OG0015932,PTHR12669,1978,Hsap,8,38030534,38060365,29832,+,ENSG00000187840,EIF4EBP1,protein_coding,eukaryotic translation initiation factor 4E binding protein 1 [Source:HGNC Symbol;Acc:HGNC:3288]
OG0016054,PTHR14987,81606,Hsap,2,30231534,30323730,92197,+,ENSG00000213626,LBH,protein_coding,LBH regulator of WNT signaling pathway [Source:HGNC Symbol;Acc:HGNC:29532]
OG0016056,PTHR11639,57402,Hsap,1,153614255,153616986,2732,-,ENSG00000189334,S100A14,protein_coding,S100 calcium binding protein A14 [Source:HGNC Symbol;Acc:HGNC:18901]
OG0016060,PTHR11639,6277,Hsap,1,153534599,153536244,1646,-,ENSG00000197956,S100A6,protein_coding,S100 calcium binding protein A6 [Source:HGNC Symbol;Acc:HGNC:10496]
OG0016060,PTHR11639,6277,Hsap,1,153534599,153536244,1646,-,ENSG00000197956,S100A6,protein_coding,S100 calcium binding protein A6 [Source:HGNC Symbol;Acc:HGNC:10496]
OG0016061,PTHR10553,51690,Hsap,19,2321520,2328611,7092,-,ENSG00000130332,LSM7,protein_coding,"LSM7 homolog, U6 small nuclear RNA and mRNA degradation associated [Source:HGNC Symbol;Acc:HGNC:20470]"
OG0016072,PTHR11639,6275,Hsap,1,153543613,153550136,6524,-,ENSG00000196154,S100A4,protein_coding,S100 calcium binding protein A4 [Source:HGNC Symbol;Acc:HGNC:10494]
OG0016101,PTHR11639,6284,Hsap,1,153618787,153631360,12574,-,ENSG00000189171,S100A13,protein_coding,S100 calcium binding protein A13 [Source:HGNC Symbol;Acc:HGNC:10490]
OG0016111,PTHR11639,6273,Hsap,1,153561108,153567890,6783,-,ENSG00000196754,S100A2,protein_coding,S100 calcium binding protein A2 [Source:HGNC Symbol;Acc:HGNC:10492]
OG0016112,PTHR11639,6281,Hsap,1,151982915,151993859,10945,-,ENSG00000197747,S100A10,protein_coding,S100 calcium binding protein A10 [Source:HGNC Symbol;Acc:HGNC:10487]
OG0016112,PTHR11639,6281,Hsap,1,151982915,151993859,10945,-,ENSG00000197747,S100A10,protein_coding,S100 calcium binding protein A10 [Source:HGNC Symbol;Acc:HGNC:10487]
OG0016155,PTHR11639,6279,Hsap,1,153390032,153391073,1042,-,ENSG00000143546,S100A8,protein_coding,S100 calcium binding protein A8 [Source:HGNC Symbol;Acc:HGNC:10498]
OG0016155,PTHR11639,6279,Hsap,1,153390032,153391073,1042,-,ENSG00000143546,S100A8,protein_coding,S100 calcium binding protein A8 [Source:HGNC Symbol;Acc:HGNC:10498]
OG0016155,PTHR11639,6279,Hsap,1,153390032,153391073,1042,-,ENSG00000143546,S100A8,protein_coding,S100 calcium binding protein A8 [Source:HGNC Symbol;Acc:HGNC:10498]
OG0016186,PTHR13502,56990,Hsap,5,131245493,131398447,152955,+,ENSG00000158985,CDC42SE2,protein_coding,CDC42 small effector 2 [Source:HGNC Symbol;Acc:HGNC:18547]
OG0016230,PTHR13456,497661,Hsap,18,49477243,49487252,10010,-,ENSG00000177576,C18orf32,protein_coding,chromosome 18 open reading frame 32 [Source:HGNC Symbol;Acc:HGNC:31690]
OG0016683,PTHR43948,10049,Hsap,7,157335381,157417439,82059,+,ENSG00000105993,DNAJB6,protein_coding,DnaJ heat shock protein family (Hsp40) member B6 [Source:HGNC Symbol;Acc:HGNC:14888]
OG0016789,PTHR13989,29935,Hsap,X,96883908,96885467,1560,+,ENSG00000204086,RPA4,protein_coding,replication protein A4 [Source:HGNC Symbol;Acc:HGNC:30305]
OG0016789,PTHR13989,29935,Hsap,X,96883908,96885467,1560,+,ENSG00000204086,RPA4,protein_coding,replication protein A4 [Source:HGNC Symbol;Acc:HGNC:30305]
OG0016948,PTHR15049,54742,Hsap,8,142700111,142705127,5017,+,ENSG00000160886,LY6K,protein_coding,lymphocyte antigen 6 family member K [Source:HGNC Symbol;Acc:HGNC:24225]
OG0017219,PTHR24368,386724,Hsap,3,49716829,49719684,2856,-,ENSG00000176020,AMIGO3,protein_coding,adhesion molecule with Ig like domain 3 [Source:HGNC Symbol;Acc:HGNC:24075]
OG0017258,PTHR16423,285852,Hsap,6,41228339,41238882,10544,+,ENSG00000188056,TREML4,protein_coding,triggering receptor expressed on myeloid cells like 4 [Source:HGNC Symbol;Acc:HGNC:30807]
OG0017258,PTHR16423,9436,Hsap,6,41335608,41350889,15282,+,ENSG00000096264,NCR2,protein_coding,natural cytotoxicity triggering receptor 2 [Source:HGNC Symbol;Acc:HGNC:6732]
OG0017258,PTHR16423,9436,Hsap,6,41335608,41350889,15282,+,ENSG00000096264,NCR2,protein_coding,natural cytotoxicity triggering receptor 2 [Source:HGNC Symbol;Acc:HGNC:6732]
OG0017258,PTHR16423,9436,Hsap,6,41335608,41350889,15282,+,ENSG00000096264,NCR2,protein_coding,natural cytotoxicity triggering receptor 2 [Source:HGNC Symbol;Acc:HGNC:6732]
